date,bookings,clicks,booking_rate,weekday,trend_7d,expected,resid_ratio,robust_z,is_anomaly,holiday
2013-01-07,3002.0,31351,0.0873868366663755,Mon,2995.8,3404.5,0.8818,-3.33,False,
2013-01-08,3152.0,32481,0.0884573288805321,Tue,2944.0,3344.2,0.9425,-1.62,False,
2013-01-09,3019.0,31779,0.0867578596471061,Wed,2790.0,3150.0,0.9584,-1.17,False,
2013-01-10,2810.0,29535,0.0868758695316123,Thu,2728.7,2869.1,0.9794,-0.58,False,
2013-01-11,2737.0,27295,0.0911361214704315,Fri,2746.4,2688.0,1.0182,0.51,False,
2013-01-12,2020.0,24918,0.0749870072017224,Sat,2757.7,2008.1,1.0059,0.17,False,
2013-01-13,2361.0,28854,0.0756367131186929,Sun,2776.0,2350.8,1.0043,0.12,False,
2013-01-14,3126.0,32842,0.0869105871886121,Mon,2784.7,3164.7,0.9878,-0.34,False,
2013-01-15,3231.0,31331,0.0934841733695966,Tue,2779.4,3157.3,1.0233,0.66,False,
2013-01-16,3147.0,31308,0.0913365259033522,Wed,2773.3,3131.1,1.0051,0.14,False,
2013-01-17,2871.0,27270,0.095252314123619,Thu,2781.3,2924.4,0.9818,-0.51,False,
2013-01-18,2700.0,24490,0.0993012136815005,Fri,2762.1,2703.4,0.9987,-0.04,False,
2013-01-19,1977.0,22415,0.0810511643161692,Sat,2731.4,1989.0,0.994,-0.17,False,
2013-01-20,2417.0,28289,0.0787142577997785,Sun,2696.6,2283.6,1.0584,1.65,False,
2013-01-21,2992.0,30165,0.0902373556111831,Mon,2678.6,3044.0,0.9829,-0.48,False,
2013-01-22,3016.0,29821,0.0918476109266985,Tue,2665.1,3027.5,0.9962,-0.11,False,
2013-01-23,2903.0,27935,0.0941371035735132,Wed,2674.6,3019.6,0.9614,-1.09,False,
2013-01-24,2745.0,27080,0.0920368818105616,Thu,2677.6,2815.3,0.975,-0.7,False,
2013-01-25,2606.0,24376,0.0965829071232673,Fri,2652.0,2595.6,1.004,0.11,False,
2013-01-26,2043.0,23849,0.0789046809825428,Sat,2642.6,1924.3,1.0617,1.74,False,
2013-01-27,2438.0,29409,0.0765535215247904,Sun,2652.7,2246.4,1.0853,2.41,False,
2013-01-28,2813.0,29088,0.088179053948152,Mon,2666.9,3030.7,0.9282,-2.03,False,
2013-01-29,2950.0,28459,0.093922124231908,Tue,2662.0,3023.9,0.9756,-0.69,False,
2013-01-30,2974.0,28110,0.095676232145155,Wed,2665.1,3009.0,0.9884,-0.33,False,
2013-01-31,2844.0,19830,0.1254300079386081,Thu,2631.7,2767.1,1.0278,0.78,False,
2013-02-01,2572.0,15611,0.1414508056976296,Fri,2660.7,2604.1,0.9877,-0.35,False,
2013-02-02,2065.0,16352,0.1121246674268339,Sat,2677.6,1949.8,1.0591,1.67,False,
2013-02-03,2204.0,19243,0.1027649554716277,Sun,2711.7,2296.4,0.9598,-1.13,False,
2013-02-04,3016.0,19900,0.1316111014138593,Mon,2681.3,3047.1,0.9898,-0.29,False,
2013-02-05,3068.0,19666,0.1349520541919592,Tue,2678.0,3042.1,1.0085,0.24,False,
2013-02-06,3213.0,19338,0.1424770520154316,Wed,2687.3,3034.0,1.059,1.66,False,
2013-02-07,2631.0,21767,0.1078367079268792,Thu,2717.6,2857.4,0.9208,-2.23,False,
2013-02-08,2549.0,24296,0.0949525051219966,Fri,2739.6,2681.3,0.9507,-1.39,False,
2013-02-09,2130.0,25051,0.0783635627828262,Sat,2741.7,1996.5,1.0669,1.89,False,
2013-02-10,2416.0,30135,0.0742219901078307,Sun,2705.1,2290.8,1.0546,1.54,False,
2013-02-11,3170.0,32653,0.0884906345085559,Mon,2732.6,3105.4,1.0208,0.59,False,
2013-02-12,3083.0,31260,0.0897708412194624,Tue,2763.4,3139.1,0.9821,-0.5,False,
2013-02-13,2957.0,30452,0.0885090843784608,Wed,2770.9,3128.4,0.9452,-1.54,False,
2013-02-14,2823.0,26115,0.0975533900062202,Thu,2763.0,2905.1,0.9717,-0.8,False,
2013-02-15,2765.0,26001,0.0961204199402071,Fri,2747.3,2688.8,1.0283,0.8,False,
2013-02-16,2182.0,24851,0.080716161728258,Sat,2751.1,2003.3,1.0892,2.52,False,
2013-02-17,2361.0,29408,0.0743177311215335,Sun,2773.0,2348.3,1.0054,0.15,False,
2013-02-18,3060.0,32574,0.0858730425997642,Mon,2785.4,3165.5,0.9667,-0.94,False,
2013-02-19,3110.0,30830,0.0916322922804949,Tue,2771.0,3147.7,0.988,-0.34,False,
2013-02-20,3110.0,30829,0.0916349921918736,Wed,2762.9,3119.3,0.997,-0.08,False,
2013-02-21,2910.0,29063,0.0910142933099803,Thu,2791.4,2935.0,0.9915,-0.24,False,
2013-02-22,2664.0,25757,0.0937335069139017,Fri,2800.7,2741.1,0.9719,-0.79,False,
2013-02-23,2125.0,25192,0.0777903869385364,Sat,2818.1,2052.1,1.0355,1.0,False,
2013-02-24,2561.0,30674,0.0770573190913194,Sun,2833.6,2399.6,1.0673,1.9,False,
2013-02-25,3125.0,31315,0.0907375145180023,Mon,2855.6,3245.2,0.963,-1.04,False,
2013-02-26,3232.0,32272,0.0910319963947724,Tue,2870.9,3261.1,0.9911,-0.25,False,
2013-02-27,3218.0,31296,0.0932375268007185,Wed,2907.4,3282.6,0.9803,-0.55,False,
2013-02-28,3064.0,28945,0.095723077884345,Thu,2934.6,3085.5,0.993,-0.2,False,
2013-03-01,2771.0,26036,0.0961918978026174,Fri,2969.7,2906.5,0.9534,-1.32,False,
2013-03-02,2381.0,25064,0.0867553288394971,Sat,2988.3,2176.0,1.0942,2.66,False,
2013-03-03,2751.0,32777,0.0774318847106507,Sun,3027.3,2563.6,1.0731,2.06,False,
2013-03-04,3371.0,32926,0.0928726892029644,Mon,3023.6,3436.1,0.9811,-0.53,False,
2013-03-05,3362.0,33388,0.0914829931972789,Tue,3045.7,3459.8,0.9717,-0.8,False,
2013-03-06,3491.0,34323,0.0923203046490717,Wed,3033.9,3425.3,1.0192,0.54,False,
2013-03-07,3038.0,30840,0.0896747151543774,Thu,3010.9,3165.7,0.9596,-1.14,False,
2013-03-08,2926.0,27110,0.0974164336129977,Fri,2995.1,2931.4,0.9981,-0.05,False,
2013-03-09,2298.0,26568,0.0796092288505508,Sat,2990.1,2177.4,1.0554,1.56,False,
2013-03-10,2590.0,31391,0.0762190635943615,Sun,2958.6,2505.5,1.0337,0.95,False,
2013-03-11,3261.0,33985,0.0875530258282768,Mon,2969.7,3374.9,0.9663,-0.95,False,
2013-03-12,3327.0,32147,0.0937869989287929,Tue,2953.1,3354.6,0.9918,-0.23,False,
2013-03-13,3270.0,31783,0.0932873077910592,Wed,2949.1,3329.6,0.9821,-0.51,False,
2013-03-14,3116.0,29964,0.0941958887545344,Thu,2963.0,3115.4,1.0002,0.01,False,
2013-03-15,2810.0,26869,0.0946797398834192,Fri,2954.7,2891.9,0.9717,-0.8,False,
2013-03-16,2270.0,25225,0.0825604655391889,Sat,2936.3,2138.1,1.0617,1.74,False,
2013-03-17,2687.0,30488,0.0809947249434815,Sun,2939.4,2489.2,1.0794,2.24,False,
2013-03-18,3203.0,32501,0.0897098364328926,Mon,2893.3,3288.0,0.9741,-0.73,False,
2013-03-19,3198.0,32454,0.08970043756311,Tue,2888.9,3281.6,0.9745,-0.72,False,
2013-03-20,3292.0,32608,0.0916991643454039,Wed,2895.1,3268.7,1.0071,0.2,False,
2013-03-21,2793.0,29726,0.0858882499461853,Thu,2888.9,3037.5,0.9195,-2.27,False,
2013-03-22,2779.0,25787,0.0972834838619337,Fri,2851.1,2790.5,0.9959,-0.12,False,
2013-03-23,2314.0,25174,0.0841821885913853,Sat,2852.9,2077.4,1.1139,3.21,False,
2013-03-24,2643.0,31115,0.0782925528763552,Sun,2824.0,2391.5,1.1052,2.97,False,
2013-03-25,2939.0,32038,0.0840266460817108,Mon,2856.7,3246.5,0.9053,-2.67,False,
2013-03-26,3210.0,30228,0.0959985645074466,Tue,2822.4,3206.1,1.0012,0.03,False,
2013-03-27,3090.0,30678,0.0915067519545131,Wed,2773.7,3131.6,0.9867,-0.37,False,
2013-03-28,3022.0,27289,0.099699778958134,Thu,2727.0,2867.3,1.054,1.52,False,
2013-03-29,2539.0,24328,0.0945025495961588,Fri,2760.1,2701.4,0.9399,-1.7,False,
2013-03-30,1973.0,21707,0.0833192567567567,Sat,2795.7,2035.8,0.9692,-0.87,False,
2013-03-31,2316.0,25382,0.0836161455700772,Sun,2836.7,2402.3,0.9641,-1.01,False,
2013-04-01,3171.0,31225,0.0921909524363298,Mon,2851.4,3240.5,0.9786,-0.6,False,
2013-04-02,3459.0,34313,0.0915757704119453,Tue,2888.9,3281.6,1.0541,1.52,False,
2013-04-03,3377.0,33188,0.092356078216874,Wed,2916.0,3292.2,1.0257,0.73,False,
2013-04-04,3125.0,29562,0.095603756845229,Thu,2949.6,3101.3,1.0076,0.22,False,
2013-04-05,2801.0,26036,0.0971321566043624,Fri,2978.3,2914.9,0.9609,-1.1,False,
2013-04-06,2163.0,24033,0.0825698579935868,Sat,2947.9,2146.6,1.0077,0.22,False,
2013-04-07,2551.0,28945,0.0809944119888239,Sun,2920.6,2473.3,1.0314,0.89,False,
2013-04-08,3372.0,32105,0.0950474955605039,Mon,2893.1,3287.9,1.0256,0.72,False,
2013-04-09,3246.0,32277,0.0913774174478506,Tue,2882.3,3274.1,0.9914,-0.24,False,
2013-04-10,3186.0,31462,0.0919533595012699,Wed,2869.6,3239.8,0.9834,-0.47,False,
2013-04-11,2933.0,28279,0.0939702678457003,Thu,2868.7,3016.3,0.9724,-0.78,False,
2013-04-12,2725.0,25458,0.0966894936663946,Fri,2822.1,2762.1,0.9866,-0.38,False,
2013-04-13,2074.0,23031,0.0826130252937661,Sat,2815.9,2050.4,1.0115,0.32,False,
2013-04-14,2545.0,28250,0.0826432862477675,Sun,2830.9,2397.3,1.0616,1.74,False,
2013-04-15,3046.0,29286,0.0942100705183719,Mon,2840.0,3227.5,0.9438,-1.59,False,
2013-04-16,3202.0,30677,0.0945128250538681,Tue,2826.7,3211.0,0.9972,-0.08,False,
2013-04-17,3291.0,31187,0.0954521723997911,Wed,2843.1,3210.0,1.0252,0.71,False,
2013-04-18,2997.0,28326,0.0956804903744852,Thu,2845.3,2991.7,1.0018,0.05,False,
2013-04-19,2632.0,24037,0.0986913645056057,Fri,2885.7,2824.3,0.9319,-1.92,False,
2013-04-20,2189.0,23777,0.0843025494877917,Sat,2830.1,2060.9,1.0622,1.75,False,
2013-04-21,2560.0,30087,0.0784145557019021,Sun,2805.9,2376.1,1.0774,2.18,False,
2013-04-22,3329.0,32866,0.0919740295620942,Mon,2741.0,3115.0,1.0687,1.94,False,
2013-04-23,2813.0,27624,0.0924204093701744,Tue,2743.0,3115.9,0.9028,-2.74,False,
2013-04-24,3121.0,29685,0.0951350362738523,Wed,2720.1,3071.1,1.0162,0.46,False,
2013-04-25,2543.0,27063,0.0858947510639735,Thu,2669.4,2806.8,0.906,-2.65,False,
2013-04-26,2646.0,24177,0.0986466838161279,Fri,2675.7,2618.8,1.0104,0.29,False,
2013-04-27,2029.0,21871,0.0848953974895397,Sat,2730.3,1988.1,1.0206,0.58,False,
2013-04-28,2205.0,26328,0.0772789401745347,Sun,2747.7,2326.9,0.9476,-1.48,False,
2013-04-29,3373.0,30759,0.0988222196179538,Mon,2819.6,3204.3,1.0527,1.49,False,
2013-04-30,3195.0,30688,0.094295074226013,Tue,2770.9,3147.6,1.0151,0.43,False,
2013-05-01,3243.0,32050,0.0918879097838098,Wed,2788.1,3147.9,1.0302,0.85,False,
2013-05-02,3046.0,27995,0.0981282819496794,Thu,2833.3,2979.0,1.0225,0.63,False,
2013-05-03,2305.0,19069,0.1078413025170768,Fri,2814.6,2754.7,0.8368,-4.6,True,
2013-05-04,2150.0,21752,0.0899506317462973,Sat,2860.6,2083.0,1.0322,0.91,False,
2013-05-05,2521.0,26930,0.0855998098536552,Sun,2880.0,2438.9,1.0337,0.95,False,
2013-05-06,3242.0,31370,0.0936669363226626,Mon,2884.4,3278.0,0.989,-0.31,False,
2013-05-07,3517.0,31954,0.0991514194694257,Tue,2972.1,3376.2,1.0417,1.18,False,
2013-05-08,3379.0,30696,0.0991636096845194,Wed,2983.1,3368.0,1.0033,0.09,False,
2013-05-09,3077.0,28280,0.098128009694805,Thu,2989.9,3143.7,0.9788,-0.6,False,
2013-05-10,2919.0,25337,0.1033054926387316,Fri,3042.6,2977.8,0.9802,-0.56,False,
2013-05-11,2227.0,23727,0.0858056561609,Sat,3016.9,2196.8,1.0137,0.39,False,
2013-05-12,2568.0,28177,0.0835257765490323,Sun,3032.4,2568.0,1.0,0.0,False,
2013-05-13,3611.0,32866,0.0989938865586534,Mon,3041.1,3456.1,1.0448,1.26,False,
2013-05-14,3337.0,30921,0.0974079047229844,Tue,3020.3,3430.9,0.9726,-0.77,False,
2013-05-15,3488.0,31363,0.100083211385613,Wed,3005.3,3393.0,1.028,0.79,False,
2013-05-16,3138.0,28698,0.098567659253675,Thu,3013.6,3168.6,0.9903,-0.27,False,
2013-05-17,2773.0,24879,0.1002820772457688,Fri,2973.9,2910.6,0.9527,-1.33,False,
2013-05-18,2122.0,22696,0.0855024578934644,Sat,2968.1,2161.3,0.9818,-0.51,False,
2013-05-19,2626.0,28661,0.0839326237734522,Sun,2962.3,2508.6,1.0468,1.32,False,
2013-05-20,3333.0,32799,0.0922451012952507,Mon,2949.0,3351.4,0.9945,-0.15,False,
2013-05-21,3297.0,32268,0.0927035006326444,Tue,2953.4,3354.9,0.9827,-0.49,False,
2013-05-22,3447.0,31648,0.0982191195326969,Wed,2935.6,3314.3,1.04,1.13,False,
2013-05-23,3045.0,28999,0.0950255898140057,Thu,2867.0,3014.5,1.0101,0.29,False,
2013-05-24,2804.0,25020,0.1007763082231167,Fri,2810.9,2751.1,1.0192,0.54,False,
2013-05-25,1997.0,21167,0.086211362458988,Sat,2829.4,2060.3,0.9693,-0.87,False,
2013-05-26,2146.0,24314,0.0811035525321239,Sun,2808.7,2378.5,0.9022,-2.76,False,
2013-05-27,2940.0,30337,0.0883493103344652,Mon,2813.0,3196.8,0.9197,-2.27,False,Memorial Day
2013-05-28,3427.0,32360,0.0957610305418168,Tue,2818.1,3201.3,1.0705,1.99,False,
2013-05-29,3302.0,30865,0.0966429595808821,Wed,2840.6,3207.1,1.0296,0.83,False,
2013-05-30,3075.0,28708,0.0967498348173551,Thu,2914.4,3064.4,1.0035,0.1,False,
2013-05-31,2840.0,24914,0.1023275924191107,Fri,2998.3,2934.5,0.9678,-0.91,False,
2013-06-01,2154.0,22308,0.0880549423595781,Sat,3025.7,2203.3,0.9776,-0.63,False,
2013-06-02,2663.0,29683,0.0823285723118778,Sun,3075.4,2604.4,1.0225,0.63,False,
2013-06-03,3527.0,32690,0.0973852058425601,Mon,3109.1,3533.3,0.9982,-0.05,False,
2013-06-04,3619.0,34283,0.0954830879636958,Tue,3138.7,3565.4,1.015,0.42,False,
2013-06-05,3650.0,33886,0.0972399829497016,Wed,3150.0,3556.4,1.0263,0.74,False,
2013-06-06,3311.0,30092,0.099122833278448,Thu,3156.9,3319.3,0.9975,-0.07,False,
2013-06-07,3047.0,27762,0.0988996721737154,Fri,3157.9,3090.7,0.9859,-0.4,False,
2013-06-08,2233.0,25064,0.0818038612301718,Sat,3125.3,2275.8,0.9812,-0.53,False,
2013-06-09,2711.0,31460,0.0793362793011618,Sun,3107.1,2631.3,1.0303,0.85,False,
2013-06-10,3534.0,35254,0.09111065277921,Mon,3105.9,3529.6,1.0012,0.04,False,
2013-06-11,3391.0,33234,0.0925870307167235,Tue,3096.6,3517.5,0.964,-1.01,False,
2013-06-12,3523.0,33044,0.0963436978696639,Wed,3089.4,3488.0,1.01,0.28,False,
2013-06-13,3302.0,30818,0.0967760844079718,Thu,3067.9,3225.7,1.0237,0.67,False,
2013-06-14,2982.0,27125,0.099046733317833,Fri,3076.1,3010.7,0.9905,-0.27,False,
2013-06-15,2183.0,24119,0.082997490685119,Sat,3079.0,2242.1,0.9737,-0.74,False,
2013-06-16,2560.0,29122,0.0808029796098731,Sun,3046.6,2580.0,0.9923,-0.22,False,
2013-06-17,3592.0,35618,0.0916092833460851,Mon,3025.1,3437.9,1.0448,1.26,False,
2013-06-18,3411.0,35429,0.0878218331616889,Tue,3000.1,3408.0,1.0009,0.02,False,
2013-06-19,3296.0,34417,0.0873969188343542,Wed,3018.6,3408.0,0.9671,-0.93,False,
2013-06-20,3152.0,31655,0.090556497256299,Thu,3033.7,3189.8,0.9882,-0.33,False,
2013-06-21,2807.0,27661,0.0921294472889589,Fri,3012.3,2948.2,0.9521,-1.35,False,
2013-06-22,2312.0,25455,0.0832643065509417,Sat,3033.7,2209.1,1.0466,1.31,False,
2013-06-23,2666.0,30668,0.0799784004319913,Sun,3019.3,2556.9,1.0427,1.2,False,
2013-06-24,3442.0,34431,0.0908826868745544,Mon,2997.1,3406.1,1.0106,0.3,False,
2013-06-25,3561.0,34625,0.0932540721730477,Tue,3024.6,3435.8,1.0365,1.03,False,
2013-06-26,3195.0,33125,0.0879680616740088,Wed,3005.6,3393.4,0.9415,-1.65,False,
2013-06-27,2997.0,31998,0.0856408058294042,Thu,2997.7,3151.9,0.9508,-1.39,False,
2013-06-28,2999.0,28472,0.0952940802643703,Fri,2977.7,2914.4,1.029,0.82,False,
2013-06-29,2179.0,25249,0.079444363424238,Sat,2979.6,2169.7,1.0043,0.12,False,
2013-06-30,2611.0,29452,0.0814334279387456,Sun,2994.4,2535.8,1.0296,0.84,False,
2013-07-01,3302.0,35048,0.0861016949152542,Mon,2948.1,3350.4,0.9856,-0.41,False,
2013-07-02,3574.0,35629,0.0911664923602785,Tue,2922.1,3319.4,1.0767,2.16,False,
2013-07-03,3299.0,32491,0.0921765856384465,Wed,2921.9,3298.8,1.0,0.0,False,
2013-07-04,2673.0,28263,0.0864041892940263,Thu,2921.6,3071.9,0.8702,-3.66,True,Independence Day
2013-07-05,2817.0,26797,0.0951239278719524,Fri,2934.6,2872.1,0.9808,-0.54,False,
2013-07-06,2177.0,24795,0.0807133323446537,Sat,2915.0,2122.6,1.0256,0.72,False,
2013-07-07,2609.0,29542,0.0811483313116232,Sun,2950.4,2498.6,1.0442,1.25,False,
2013-07-08,3393.0,36054,0.0860141455624001,Mon,3018.3,3430.1,0.9892,-0.3,False,
2013-07-09,3437.0,37101,0.0847846465045142,Tue,3045.1,3459.1,0.9936,-0.18,False,
2013-07-10,3547.0,35795,0.0901581007574602,Wed,3070.0,3466.1,1.0233,0.66,False,
2013-07-11,3148.0,32485,0.0883450733870288,Thu,3056.6,3213.8,0.9795,-0.58,False,
2013-07-12,3005.0,28779,0.094544424867858,Fri,3077.4,3012.0,0.9977,-0.07,False,
2013-07-13,2351.0,25505,0.0843983342906375,Sat,3077.6,2241.0,1.0491,1.38,False,
2013-07-14,2515.0,29530,0.0784833827430176,Sun,3045.9,2579.4,0.975,-0.7,False,
2013-07-15,3539.0,36597,0.0881752043053617,Mon,3041.7,3456.7,1.0238,0.67,False,
2013-07-16,3438.0,35493,0.0883100870771364,Tue,3063.9,3480.4,0.9878,-0.34,False,
2013-07-17,3325.0,33802,0.0895574649177148,Wed,3056.3,3450.6,0.9636,-1.03,False,
2013-07-18,3119.0,32500,0.087565625087734,Thu,3067.9,3225.7,0.9669,-0.93,False,
2013-07-19,3160.0,29950,0.0954394442766535,Fri,3065.6,3000.4,1.0532,1.5,False,
2013-07-20,2298.0,25705,0.0820626361461272,Sat,3081.7,2244.0,1.024,0.68,False,
2013-07-21,2596.0,30496,0.0784479632539586,Sun,3104.0,2628.6,0.9876,-0.35,False,
2013-07-22,3523.0,38003,0.0848384144873091,Mon,3116.6,3541.8,0.9947,-0.15,False,
2013-07-23,3551.0,36566,0.0885160904354762,Tue,3055.3,3470.6,1.0232,0.65,False,
2013-07-24,3481.0,33776,0.0934321067182006,Wed,3062.3,3457.4,1.0068,0.19,False,
2013-07-25,3207.0,32447,0.0899478319403152,Thu,3108.7,3268.6,0.9811,-0.53,False,
2013-07-26,2731.0,27026,0.0917767248042477,Fri,3087.7,3022.0,0.9037,-2.72,False,
2013-07-27,2347.0,26465,0.081459114257948,Sat,3099.6,2257.0,1.0399,1.12,False,
2013-07-28,2921.0,33428,0.0803598448375471,Sun,3133.3,2653.4,1.1008,2.84,False,
2013-07-29,3376.0,37398,0.0827978613822534,Mon,3175.6,3608.8,0.9355,-1.82,False,
2013-07-30,3634.0,36605,0.0903103953875593,Tue,3245.3,3686.5,0.9858,-0.4,False,
2013-07-31,3717.0,36318,0.092843761708505,Wed,3251.4,3670.9,1.0125,0.35,False,
2013-08-01,3503.0,32929,0.0961517347386912,Thu,3214.6,3379.9,1.0364,1.03,False,
2013-08-02,3219.0,29711,0.097752808988764,Fri,3235.7,3166.9,1.0165,0.46,False,
2013-08-03,2390.0,25767,0.0848812018325815,Sat,3226.9,2349.7,1.0171,0.48,False,
2013-08-04,2663.0,31297,0.0784157832744405,Sun,3194.4,2705.2,0.9844,-0.44,False,
2013-08-05,3524.0,36531,0.0879790288353513,Mon,3173.0,3605.9,0.9773,-0.64,False,
2013-08-06,3572.0,36037,0.0901815244010199,Tue,3153.6,3582.3,0.9971,-0.08,False,
2013-08-07,3490.0,35070,0.0905082987551867,Wed,3133.1,3537.4,0.9866,-0.38,False,
2013-08-08,3353.0,31677,0.0957179560376819,Thu,3123.0,3283.7,1.0211,0.6,False,
2013-08-09,3083.0,29051,0.0959419929047115,Fri,3124.7,3058.2,1.0081,0.23,False,
2013-08-10,2247.0,24313,0.0846009036144578,Sat,3108.7,2263.7,0.9926,-0.21,False,
2013-08-11,2592.0,28283,0.0839514170040485,Sun,3106.9,2631.0,0.9852,-0.42,False,
2013-08-12,3536.0,34509,0.0929425680115652,Mon,3078.3,3498.3,1.0108,0.3,False,
2013-08-13,3460.0,33433,0.0937847288103434,Tue,3067.7,3484.8,0.9929,-0.2,False,
2013-08-14,3477.0,32435,0.0968200044553352,Wed,3044.3,3437.1,1.0116,0.33,False,
2013-08-15,3153.0,30163,0.094639212390443,Thu,3036.4,3192.6,0.9876,-0.35,False,
2013-08-16,3009.0,26415,0.102263458401305,Fri,3019.4,2955.2,1.0182,0.51,False,
2013-08-17,2083.0,23472,0.0815104676188612,Sat,3030.9,2207.0,0.9438,-1.58,False,
2013-08-18,2537.0,27725,0.083834511929152,Sun,3009.1,2548.3,0.9956,-0.12,False,
2013-08-19,3417.0,31862,0.0968564868618725,Mon,3009.0,3419.5,0.9993,-0.02,False,
2013-08-20,3540.0,34260,0.0936507936507936,Tue,3017.9,3428.1,1.0326,0.92,False,
2013-08-21,3325.0,32665,0.0923867741039177,Wed,3047.9,3441.1,0.9663,-0.95,False,
2013-08-22,3152.0,29561,0.0963531317824718,Thu,3050.4,3207.4,0.9827,-0.49,False,
2013-08-23,3071.0,27544,0.1003103054058468,Fri,3055.6,2990.6,1.0269,0.76,False,
2013-08-24,2293.0,23389,0.089284323650806,Sat,3054.4,2224.2,1.0309,0.87,False,
2013-08-25,2555.0,28514,0.0822363127232933,Sun,3073.6,2602.8,0.9816,-0.52,False,
2013-08-26,3453.0,33447,0.0935772357723577,Mon,3013.9,3425.1,1.0082,0.23,False,
2013-08-27,3532.0,33279,0.0959495802885007,Tue,2993.7,3400.7,1.0386,1.09,False,
2013-08-28,3459.0,32444,0.0963429239896387,Wed,2958.7,3340.5,1.0355,1.0,False,
2013-08-29,2734.0,26448,0.0936878897950791,Thu,2911.3,3061.0,0.8932,-3.01,False,
2013-08-30,2930.0,25932,0.1015175663502182,Fri,2830.3,2770.1,1.0577,1.63,False,
2013-08-31,2048.0,22092,0.0848384424192212,Sat,2833.7,2063.5,0.9925,-0.21,False,
2013-09-01,2223.0,24264,0.0839279646619096,Sun,2848.7,2412.4,0.9215,-2.21,False,
2013-09-02,2886.0,31025,0.0851051281295155,Mon,2931.6,3331.5,0.8663,-3.77,True,Labor Day
2013-09-03,3556.0,33128,0.0969359938937956,Tue,2958.1,3360.3,1.0582,1.64,False,
2013-09-04,3564.0,32355,0.0992232523177148,Wed,2977.3,3361.4,1.0603,1.7,False,
2013-09-05,3314.0,29907,0.0997561783209415,Thu,3033.1,3189.2,1.0391,1.1,False,
2013-09-06,3116.0,27160,0.1029198044655833,Fri,3071.6,3006.2,1.0365,1.03,False,
2013-09-07,2182.0,23922,0.0835887220349371,Sat,2994.9,2180.8,1.0006,0.02,False,
2013-09-08,2614.0,28475,0.0840811862716716,Sun,2917.6,2470.7,1.058,1.64,False,
2013-09-09,3155.0,32704,0.0879834908948938,Mon,2910.7,3307.8,0.9538,-1.3,False,
2013-09-10,3019.0,30906,0.0889904200442151,Tue,2907.3,3302.5,0.9141,-2.42,False,
2013-09-11,3023.0,30476,0.090241499746261,Wed,2904.1,3278.8,0.922,-2.2,False,
2013-09-12,3266.0,29671,0.0991590005161368,Thu,2902.7,3052.0,1.0701,1.98,False,
2013-09-13,3092.0,27321,0.1016670502745536,Fri,2961.3,2898.3,1.0668,1.89,False,
2013-09-14,2160.0,24074,0.0823358999771289,Sat,3028.1,2205.0,0.9796,-0.58,False,
2013-09-15,2604.0,28698,0.0831895725512746,Sun,3072.6,2602.0,1.0008,0.02,False,
2013-09-16,3565.0,35875,0.0903904665314401,Mon,3058.9,3476.2,1.0255,0.72,False,
2013-09-17,3487.0,33183,0.0950913553313335,Tue,3029.7,3441.6,1.0132,0.37,False,
2013-09-18,3334.0,31268,0.0963528119761863,Wed,3015.7,3404.8,0.9792,-0.59,False,
2013-09-19,3170.0,28840,0.0990315526398,Thu,2977.9,3131.0,1.0124,0.35,False,
2013-09-20,2888.0,25591,0.101408055058113,Fri,2964.7,2901.6,0.9953,-0.13,False,
2013-09-21,2062.0,22984,0.0823285155314221,Sat,2959.4,2155.0,0.9568,-1.22,False,
2013-09-22,2339.0,27578,0.0781829728916669,Sun,2986.6,2529.2,0.9248,-2.12,False,
2013-09-23,3473.0,32988,0.095252461534242,Mon,2984.9,3392.1,1.0238,0.67,False,
2013-09-24,3450.0,31665,0.0982486117043998,Tue,2978.9,3383.8,1.0196,0.55,False,
2013-09-25,3524.0,30591,0.1032976696467829,Wed,2969.9,3353.0,1.051,1.44,False,
2013-09-26,3158.0,28253,0.1005380280793352,Thu,2986.4,3140.1,1.0057,0.16,False,
2013-09-27,2846.0,24644,0.1035285558384867,Fri,3019.7,2955.5,0.963,-1.04,False,
2013-09-28,1999.0,21841,0.0838506711409396,Sat,3034.0,2209.3,0.9048,-2.68,False,
2013-09-29,2455.0,27117,0.0830177194643581,Sun,3021.1,2558.4,0.9596,-1.14,False,
2013-09-30,3706.0,32835,0.1014203223776032,Mon,3042.9,3458.0,1.0717,2.02,False,
2013-10-01,3550.0,32346,0.0988968130153777,Tue,3073.7,3491.6,1.0167,0.47,False,
2013-10-02,3434.0,31096,0.0994497538372429,Wed,3116.1,3518.2,0.9761,-0.67,False,
2013-10-03,3310.0,28932,0.1026611252403697,Thu,3123.7,3284.4,1.0078,0.22,False,
2013-10-04,3062.0,27037,0.1017309545167613,Fri,3094.0,3028.2,1.0112,0.31,False,
2013-10-05,2296.0,23860,0.0877810062700718,Sat,3076.4,2240.2,1.0249,0.7,False,
2013-10-06,2508.0,28274,0.0814761873822363,Sun,3071.4,2601.0,0.9642,-1.01,False,
2013-10-07,3498.0,33376,0.0948635895210717,Mon,3028.6,3441.8,1.0163,0.46,False,
2013-10-08,3427.0,32707,0.0948414235899706,Tue,3019.4,3429.9,0.9991,-0.02,False,
2013-10-09,3399.0,31779,0.0966228893058161,Wed,2974.4,3358.2,1.0122,0.34,False,
2013-10-10,3010.0,29083,0.0937899230361761,Thu,2942.3,3093.6,0.973,-0.76,False,
2013-10-11,2998.0,25915,0.1036903814892954,Fri,2934.4,2872.0,1.0439,1.24,False,
2013-10-12,1981.0,22207,0.0819001157598809,Sat,2914.6,2122.3,0.9334,-1.88,False,
2013-10-13,2283.0,25625,0.0818045005016482,Sun,2908.0,2462.6,0.9271,-2.06,False,
2013-10-14,3443.0,32788,0.0950291187104965,Mon,2931.1,3331.1,1.0336,0.95,False,
2013-10-15,3288.0,31034,0.0957986131344327,Tue,2917.6,3314.2,0.9921,-0.22,False,
2013-10-16,3353.0,31216,0.0969944169631751,Wed,2919.1,3295.8,1.0174,0.49,False,
2013-10-17,3172.0,28687,0.0995637025644245,Thu,2936.4,3087.5,1.0274,0.77,False,
2013-10-18,2903.0,24126,0.1074031595693514,Fri,2928.6,2866.3,1.0128,0.36,False,
2013-10-19,1992.0,22325,0.081917999753259,Sat,2894.0,2107.4,0.9453,-1.54,False,
2013-10-20,2404.0,27239,0.0810984043450393,Sun,2869.6,2430.1,0.9893,-0.3,False,
2013-10-21,3388.0,32190,0.0952273877115071,Mon,2835.7,3222.6,1.0513,1.45,False,
2013-10-22,3046.0,31082,0.0892522269104547,Tue,2808.7,3190.6,0.9547,-1.28,False,
2013-10-23,3182.0,31821,0.0909064937291089,Wed,2804.4,3166.3,1.005,0.14,False,
2013-10-24,2935.0,27933,0.0950822858623817,Thu,2787.3,2930.7,1.0015,0.04,False,
2013-10-25,2714.0,25019,0.0978617531460714,Fri,2786.4,2727.2,0.9952,-0.14,False,
2013-10-26,1962.0,23070,0.0783796740172579,Sat,2813.0,2048.4,0.9578,-1.19,False,
2013-10-27,2284.0,25856,0.0811656005685856,Sun,2791.3,2363.8,0.9662,-0.95,False,
2013-10-28,3382.0,31828,0.0960522578812837,Mon,2759.9,3136.4,1.0783,2.21,False,
2013-10-29,3232.0,31208,0.0938443670150987,Tue,2732.0,3103.4,1.0414,1.17,False,
2013-10-30,3030.0,27751,0.0984373477144992,Wed,2721.0,3072.1,0.9863,-0.39,False,
2013-10-31,2715.0,23125,0.1050696594427244,Thu,2700.0,2838.9,0.9564,-1.23,False,
2013-11-01,2519.0,21590,0.1044838027292712,Fri,2657.4,2600.9,0.9685,-0.89,False,
2013-11-02,1885.0,19963,0.0862779201757597,Sat,2643.1,1924.7,0.9794,-0.58,False,
2013-11-03,2137.0,25058,0.0785806214377643,Sun,2648.1,2242.6,0.9529,-1.33,False,
2013-11-04,3084.0,29164,0.0956338377573803,Mon,2659.0,3021.8,1.0206,0.58,False,
2013-11-05,3132.0,28027,0.1005167046439231,Tue,2685.3,3050.3,1.0268,0.75,False,
2013-11-06,3065.0,27465,0.1003930560104815,Wed,2700.1,3048.5,1.0054,0.15,False,
2013-11-07,2791.0,25444,0.098848946343191,Thu,2714.1,2853.8,0.978,-0.62,False,
2013-11-08,2703.0,23042,0.1049912604389201,Fri,2703.9,2646.3,1.0214,0.6,False,
2013-11-09,1989.0,20942,0.0867384762984606,Sat,2698.7,1965.1,1.0121,0.34,False,
2013-11-10,2235.0,24187,0.0845886004087502,Sun,2691.9,2279.6,0.9804,-0.55,False,
2013-11-11,3012.0,28075,0.0968893749798951,Mon,2694.0,3061.6,0.9838,-0.46,False,
2013-11-12,3096.0,28466,0.0980926430517711,Tue,2680.3,3044.7,1.0169,0.48,False,
2013-11-13,3017.0,28270,0.0964298270847316,Wed,2667.4,3011.6,1.0018,0.05,False,
2013-11-14,2806.0,25091,0.1005842922178012,Thu,2668.7,2806.0,1.0,0.0,False,
2013-11-15,2607.0,22311,0.1046231639778473,Fri,2669.7,2612.9,0.9977,-0.06,False,
2013-11-16,1899.0,20074,0.0864242479406544,Sat,2651.9,1931.0,0.9834,-0.47,False,
2013-11-17,2244.0,25706,0.0802862254025044,Sun,2625.1,2223.1,1.0094,0.27,False,
2013-11-18,3019.0,29181,0.0937577639751552,Mon,2601.7,2956.7,1.0211,0.59,False,
2013-11-19,2971.0,27484,0.0975537678542111,Tue,2571.4,2921.0,1.0171,0.48,False,
2013-11-20,2830.0,27008,0.0948454990280849,Wed,2569.0,2900.5,0.9757,-0.69,False,
2013-11-21,2642.0,24015,0.0991109277112953,Thu,2567.1,2699.2,0.9788,-0.6,False,
2013-11-22,2395.0,21778,0.0990774831423489,Fri,2561.6,2507.1,0.9553,-1.26,False,
2013-11-23,1882.0,20396,0.0844779603195978,Sat,2546.7,1854.5,1.0148,0.42,False,
2013-11-24,2231.0,24579,0.0832152182021633,Sun,2524.7,2138.0,1.0435,1.23,False,
2013-11-25,2980.0,27763,0.0969326350713983,Mon,2428.0,2759.3,1.08,2.26,False,
2013-11-26,2867.0,26445,0.097809770742358,Tue,2409.0,2736.5,1.0477,1.35,False,
2013-11-27,2676.0,24438,0.0986944014162425,Wed,2394.0,2702.9,0.9901,-0.28,False,
2013-11-28,1965.0,19310,0.0923619271445358,Thu,2397.3,2520.6,0.7796,-6.22,True,Thanksgiving
2013-11-29,2262.0,21243,0.0962348436502871,Fri,2448.1,2396.1,0.944,-1.58,False,Black Friday
2013-11-30,1777.0,19839,0.0822076239822353,Sat,2462.4,1793.1,0.991,-0.25,False,
2013-12-01,2254.0,25216,0.0820531488896978,Sun,2493.0,2111.2,1.0676,1.91,False,
2013-12-02,3336.0,30215,0.0994307174152782,Mon,2571.4,2922.3,1.1416,3.99,True,Cyber Monday
2013-12-03,2967.0,27212,0.0983133967328274,Tue,2636.4,2994.8,0.9907,-0.26,False,
2013-12-04,2890.0,26719,0.0976054577999932,Wed,2658.6,3001.6,0.9628,-1.05,False,
2013-12-05,2514.0,24911,0.0916681859617137,Thu,2667.9,2805.1,0.8962,-2.93,False,
2013-12-06,2717.0,23582,0.1033119130004943,Fri,2592.1,2537.0,1.071,2.0,False,
2013-12-07,1932.0,20793,0.085016501650165,Sat,2558.7,1863.2,1.0369,1.04,False,
2013-12-08,2319.0,24948,0.0850478600506106,Sun,2539.9,2150.9,1.0782,2.2,False,
2013-12-09,2806.0,27321,0.0931390447107246,Mon,2529.6,2874.7,0.9761,-0.67,False,
2013-12-10,2733.0,25577,0.0965383256799717,Tue,2477.6,2814.4,0.9711,-0.82,False,
2013-12-11,2758.0,25992,0.0959304347826087,Wed,2459.0,2776.3,0.9934,-0.19,False,
2013-12-12,2442.0,22879,0.0964416887168753,Thu,2447.0,2572.9,0.9491,-1.43,False,
2013-12-13,2353.0,21331,0.0993497719979733,Fri,2431.3,2379.6,0.9888,-0.31,False,
2013-12-14,1802.0,19481,0.0846685147770521,Sat,2410.1,1755.0,1.0268,0.76,False,
2013-12-15,2235.0,23012,0.0885253693508139,Sun,2390.7,2024.6,1.1039,2.93,False,
2013-12-16,2696.0,25902,0.0942723267361353,Mon,2403.9,2731.8,0.9869,-0.37,False,
2013-12-17,2585.0,26154,0.0899474581579038,Tue,2424.7,2754.4,0.9385,-1.73,False,
2013-12-18,2622.0,25402,0.0935626605766485,Wed,2427.4,2740.6,0.9567,-1.22,False,
2013-12-19,2534.0,23603,0.0969506829398936,Thu,2368.7,2490.6,1.0174,0.49,False,
2013-12-20,2499.0,21656,0.103456841233699,Fri,2323.4,2274.0,1.0989,2.79,False,
2013-12-21,1821.0,19525,0.0853087229457509,Sat,2207.9,1607.7,1.1327,3.74,True,
2013-12-22,1824.0,20514,0.0816545796400752,Sun,2053.0,1738.6,1.0491,1.39,False,
2013-12-23,2379.0,22678,0.0949435287544398,Mon,2027.1,2303.7,1.0327,0.92,False,
2013-12-24,1776.0,17046,0.094357666560408,Tue,2033.7,2310.2,0.7688,-6.52,True,Christmas Eve
2013-12-25,1538.0,17685,0.0800083233626385,Wed,2060.0,2325.8,0.6613,-9.55,True,Christmas Day
2013-12-26,2353.0,26366,0.0819318221386538,Thu,2109.7,2218.2,1.0607,1.71,False,
2013-12-27,2545.0,27148,0.0857104368032869,Fri,2165.6,2119.5,1.2008,5.66,True,
2013-12-28,2005.0,23992,0.0771242835711812,Sat,2213.7,1612.0,1.2438,6.88,True,
2013-12-29,2172.0,27431,0.0733709421342431,Sun,2304.3,1951.4,1.1131,3.19,False,
2013-12-30,2770.0,29610,0.0855466337245213,Mon,2413.1,2742.4,1.0101,0.28,False,
2013-12-31,2113.0,21073,0.0911325800051755,Tue,2486.7,2824.8,0.748,-7.11,True,New Year's Eve
2014-01-01,2172.0,26847,0.074847513697922,Wed,2535.9,2863.0,0.7586,-6.81,True,New Year's Day
2014-01-02,3115.0,32248,0.0880864180075219,Thu,2584.4,2717.4,1.1463,4.13,True,
2014-01-03,3060.0,31530,0.0884648742411101,Fri,2707.4,2649.8,1.1548,4.37,True,
2014-01-04,2349.0,27976,0.0774608408903544,Sat,2921.3,2127.2,1.1043,2.94,False,
2014-01-05,2512.0,32307,0.0721445187972084,Sun,3149.9,2667.4,0.9417,-1.64,False,
2014-01-06,3631.0,36241,0.0910664125200642,Mon,3229.0,3669.6,0.9895,-0.3,False,
2014-01-07,3610.0,38689,0.0853448072058441,Tue,3270.9,3715.5,0.9716,-0.8,False,
2014-01-08,3772.0,38576,0.0890715027864361,Wed,3304.3,3730.6,1.0111,0.31,False,
2014-01-09,3669.0,36876,0.0904920458749537,Thu,3358.3,3531.0,1.0391,1.1,False,
2014-01-10,3353.0,33882,0.0900496844366859,Fri,3385.9,3313.8,1.0118,0.33,False,
2014-01-11,2583.0,32028,0.0746294530640547,Sat,3438.3,2503.7,1.0317,0.89,False,
2014-01-12,2890.0,36119,0.074085467456228,Sun,3441.9,2914.7,0.9915,-0.24,False,
2014-01-13,3824.0,40334,0.0865981249150776,Mon,3438.7,3907.9,0.9785,-0.61,False,
2014-01-14,3977.0,40213,0.0899977370445802,Tue,3424.7,3890.3,1.0223,0.63,False,
2014-01-15,3797.0,38392,0.0899997629713906,Wed,3401.3,3840.1,0.9888,-0.32,False,
2014-01-16,3647.0,36317,0.0912571314182764,Thu,3380.1,3554.0,1.0262,0.74,False,
2014-01-17,3255.0,31945,0.0924715909090909,Fri,3372.4,3300.7,0.9862,-0.39,False,
2014-01-18,2419.0,30204,0.0741501394721515,Sat,3336.3,2429.4,0.9957,-0.12,False,
2014-01-19,2742.0,34377,0.0738705245292168,Sun,3305.1,2798.9,0.9797,-0.57,False,
2014-01-20,3770.0,39720,0.0866865946194527,Mon,3278.9,3726.2,1.0118,0.33,False,
2014-01-21,3724.0,38932,0.0873030757689422,Tue,3282.4,3728.7,0.9987,-0.04,False,
2014-01-22,3579.0,37467,0.0871948545534278,Wed,3287.7,3711.9,0.9642,-1.01,False,
2014-01-23,3463.0,35927,0.0879157146483879,Thu,3297.6,3467.2,0.9988,-0.03,False,
2014-01-24,3280.0,31683,0.0938134599433687,Fri,3266.6,3197.1,1.0259,0.73,False,
2014-01-25,2456.0,30474,0.0745824476161554,Sat,3256.4,2371.3,1.0357,1.01,False,
2014-01-26,2811.0,35491,0.0733904234765808,Sun,3262.9,2763.1,1.0173,0.49,False,
2014-01-27,3553.0,37496,0.0865550926940973,Mon,3246.7,3689.7,0.963,-1.04,False,
2014-01-28,3653.0,38331,0.0870093368902439,Tue,3216.9,3654.2,0.9997,-0.01,False,
2014-01-29,3624.0,37675,0.0877503087241821,Wed,3214.7,3629.5,0.9985,-0.04,False,
2014-01-30,3350.0,33017,0.0921164792256716,Thu,3194.7,3359.1,0.9973,-0.08,False,
2014-01-31,3071.0,30166,0.0923970274092126,Fri,3223.6,3155.0,0.9734,-0.75,False,
2014-02-01,2441.0,29320,0.0768552627436163,Sat,3247.6,2364.8,1.0322,0.91,False,
2014-02-02,2671.0,32802,0.0752967045358441,Sun,3254.3,2755.9,0.9692,-0.87,False,
2014-02-03,3755.0,37475,0.0910744603444094,Mon,3320.6,3773.6,0.9951,-0.14,False,
2014-02-04,3821.0,38507,0.0902712152712152,Tue,3404.3,3867.1,0.9881,-0.34,False,
2014-02-05,3671.0,37850,0.0884130921702271,Wed,3441.7,3885.8,0.9447,-1.56,False,
2014-02-06,3814.0,41320,0.0845039216555147,Thu,3498.7,3678.7,1.0368,1.04,False,
2014-02-07,3657.0,38394,0.0869658272098166,Fri,3519.0,3444.1,1.0618,1.74,False,
2014-02-08,2703.0,32128,0.077603284430536,Sat,3536.9,2575.5,1.0495,1.4,False,
2014-02-09,3070.0,37114,0.0763985665936691,Sun,3565.1,3019.1,1.0169,0.48,False,
2014-02-10,3897.0,40642,0.0874963515121578,Mon,3538.9,4021.7,0.969,-0.87,False,
2014-02-11,3946.0,40875,0.0880390888199727,Tue,3499.9,3975.7,0.9925,-0.21,False,
2014-02-12,3869.0,39298,0.0896286515162045,Wed,3491.1,3941.6,0.9816,-0.52,False,
2014-02-13,3630.0,36489,0.0904808195618036,Thu,3468.1,3646.6,0.9955,-0.13,False,
2014-02-14,3384.0,31049,0.0982778148868817,Fri,3452.3,3378.8,1.0015,0.04,False,
2014-02-15,2642.0,30704,0.0792298926407965,Sat,3432.7,2499.6,1.057,1.61,False,
2014-02-16,2909.0,34614,0.0775257841856994,Sun,3407.6,2885.7,1.0081,0.23,False,
2014-02-17,3786.0,40534,0.0854241877256317,Mon,3408.4,3873.5,0.9774,-0.64,False,
2014-02-18,3809.0,39589,0.0877690216138992,Tue,3389.7,3850.5,0.9892,-0.3,False,
2014-02-19,3693.0,36923,0.090924758715777,Wed,3371.4,3806.4,0.9702,-0.84,False,
2014-02-20,3636.0,35709,0.092413267251239,Thu,3363.3,3536.3,1.0282,0.8,False,
2014-02-21,3253.0,32477,0.0910439406661069,Fri,3397.7,3325.4,0.9782,-0.61,False,
2014-02-22,2514.0,29590,0.0783079990032394,Sat,3499.3,2548.1,0.9866,-0.38,False,
2014-02-23,2852.0,36365,0.072723563760614,Sun,3679.1,3115.7,0.9154,-2.39,False,
2014-02-24,4027.0,41533,0.088388937664618,Mon,3730.6,4239.6,0.9499,-1.41,False,
2014-02-25,4520.0,52783,0.0788789417657016,Tue,3747.9,4257.4,1.0617,1.74,False,
2014-02-26,4952.0,57775,0.0789452707765396,Wed,3779.4,4267.1,1.1605,4.53,True,
2014-02-27,3996.0,44170,0.0829630859942698,Thu,3818.0,4014.4,0.9954,-0.13,False,
2014-02-28,3374.0,32821,0.0932172952065202,Fri,3829.6,3748.1,0.9002,-2.82,False,
2014-03-01,2735.0,31668,0.0794988809115484,Sat,3777.0,2750.3,0.9944,-0.16,False,
2014-03-02,3122.0,37224,0.0773806573142319,Sun,3856.6,3265.9,0.9559,-1.24,False,
2014-03-03,4108.0,41063,0.0909433043324256,Mon,3992.3,4537.0,0.9054,-2.67,False,
2014-03-04,4152.0,41149,0.0916536058806648,Tue,4215.1,4788.2,0.8671,-3.75,True,
2014-03-05,5509.0,65108,0.0780123766231927,Wed,4327.3,4885.6,1.1276,3.6,True,
2014-03-06,4946.0,60567,0.07549646635019,Thu,4439.7,4668.1,1.0595,1.68,False,
2014-03-07,4934.0,55712,0.0813573854829667,Fri,4598.3,4500.5,1.0963,2.72,False,
2014-03-08,3520.0,44819,0.072819048801175,Sat,4677.0,3405.7,1.0336,0.95,False,
2014-03-09,3909.0,52150,0.0697301057814088,Sun,4630.1,3921.0,0.9969,-0.09,False,
2014-03-10,5218.0,60781,0.0790618039667267,Mon,4625.6,5256.7,0.9926,-0.21,False,
2014-03-11,4703.0,56408,0.0769583217424031,Tue,4564.3,5184.8,0.9071,-2.62,False,
2014-03-12,5181.0,61442,0.0777659366885309,Wed,4550.9,5138.0,1.0084,0.24,False,
2014-03-13,4914.0,56848,0.0795634856384184,Thu,4559.7,4794.3,1.025,0.7,False,
2014-03-14,4505.0,48345,0.0852412488174077,Fri,4570.1,4472.9,1.0072,0.2,False,
2014-03-15,3426.0,44531,0.0714389974352023,Sat,4608.7,3356.0,1.0209,0.59,False,
2014-03-16,3971.0,53636,0.0689325949971357,Sun,4596.3,3892.3,1.0202,0.57,False,
2014-03-17,5291.0,59345,0.081858407079646,Mon,4553.7,5175.0,1.0224,0.63,False,
2014-03-18,4973.0,59348,0.0773153402465757,Tue,4540.3,5157.5,0.9642,-1.01,False,
2014-03-19,5094.0,58027,0.0807021435021625,Wed,4530.3,5114.8,0.9959,-0.11,False,
2014-03-20,4616.0,51453,0.0823271326401398,Thu,4506.6,4738.4,0.9742,-0.73,False,
2014-03-21,4411.0,47047,0.0857203933304831,Fri,4485.7,4390.3,1.0047,0.13,False,
2014-03-22,3356.0,43169,0.0721332616872649,Sat,4459.4,3247.3,1.0335,0.94,False,
2014-03-23,3805.0,51075,0.0693330903790087,Sun,4493.1,3805.0,1.0,0.0,False,
2014-03-24,5145.0,58056,0.0814069397636113,Mon,4500.9,5114.9,1.0059,0.17,False,
2014-03-25,4789.0,57227,0.0772220072239422,Tue,4514.3,5128.0,0.9339,-1.86,False,
2014-03-26,5330.0,59631,0.0820492295377226,Wed,4501.7,5082.5,1.0487,1.37,False,
2014-03-27,4670.0,52448,0.081760565846143,Thu,4527.9,4760.8,0.9809,-0.54,False,
2014-03-28,4505.0,46935,0.0875777604976671,Fri,4542.4,4445.8,1.0133,0.38,False,
2014-03-29,3268.0,41306,0.0733162830349531,Sat,4620.1,3364.3,0.9714,-0.81,False,
2014-03-30,3988.0,50871,0.0726954556225961,Sun,4629.0,3920.1,1.0173,0.49,False,
2014-03-31,5247.0,57513,0.083604206500956,Mon,4699.1,5340.3,0.9825,-0.49,False,
2014-04-01,5333.0,56594,0.0861175254735414,Tue,4744.9,5389.9,0.9894,-0.3,False,
2014-04-02,5392.0,60798,0.0814624565644357,Wed,4787.4,5405.1,0.9976,-0.07,False,
2014-04-03,5161.0,55534,0.0850317159568333,Thu,4823.6,5071.7,1.0176,0.5,False,
2014-04-04,4825.0,51233,0.0860715687323843,Fri,4855.4,4752.1,1.0153,0.43,False,
2014-04-05,3566.0,43267,0.0761428906967309,Sat,4897.1,3566.0,1.0,0.0,False,
2014-04-06,4241.0,53865,0.0729872990741059,Sun,4921.1,4167.5,1.0176,0.5,False,
2014-04-07,5470.0,62831,0.0800866751584896,Mon,4897.4,5565.6,0.9828,-0.48,False,
2014-04-08,5625.0,62562,0.0824937304764837,Tue,4863.9,5525.1,1.0181,0.51,False,
2014-04-09,5560.0,63231,0.0808245264642177,Wed,4815.9,5437.2,1.0226,0.64,False,
2014-04-10,4995.0,55394,0.0827137392571494,Thu,4769.1,5014.5,0.9961,-0.11,False,
2014-04-11,4590.0,49021,0.0856167577549383,Fri,4766.9,4665.5,0.9838,-0.46,False,
2014-04-12,3230.0,39872,0.0749385179342025,Sat,4733.6,3446.9,0.9371,-1.77,False,
2014-04-13,3914.0,49897,0.0727360576833732,Sun,4725.1,4001.5,0.9781,-0.62,False,
2014-04-14,5454.0,60614,0.082551310770721,Mon,4709.0,5351.5,1.0192,0.54,False,
2014-04-15,5392.0,63295,0.0785010263950966,Tue,4677.6,5313.5,1.0148,0.42,False,
2014-04-16,5501.0,58310,0.0862077071351334,Wed,4654.4,5255.0,1.0468,1.32,False,
2014-04-17,4882.0,51028,0.0873189053836522,Thu,4602.3,4839.0,1.0089,0.25,False,
2014-04-18,4370.0,46583,0.0857653131317096,Fri,4569.4,4472.2,0.9771,-0.64,False,
2014-04-19,3068.0,38744,0.0733760642877642,Sat,4591.3,3343.3,0.9177,-2.32,False,
2014-04-20,3549.0,44648,0.0736352885034338,Sun,4596.0,3892.1,0.9118,-2.49,False,
2014-04-21,5224.0,59568,0.0806272379306087,Mon,4615.0,5244.7,0.9961,-0.11,False,
2014-04-22,5545.0,60826,0.0835455244007171,Tue,4643.0,5274.2,1.0513,1.45,False,
2014-04-23,5534.0,61293,0.0828108399299684,Wed,4709.4,5317.0,1.0408,1.15,False,
2014-04-24,5015.0,53957,0.0850403581360645,Thu,4802.9,5049.9,0.9931,-0.2,False,
2014-04-25,4566.0,47750,0.0872773147794173,Fri,4857.3,4754.0,0.9605,-1.12,False,
2014-04-26,3533.0,42935,0.076030816906258,Sat,4870.6,3546.7,0.9962,-0.11,False,
2014-04-27,4203.0,52826,0.073699345946799,Sun,4822.3,4083.7,1.0292,0.82,False,
2014-04-28,5605.0,61150,0.0839637480338551,Mon,4828.6,5487.4,1.0214,0.6,False,
2014-04-29,5638.0,62130,0.0831956085468067,Tue,4885.0,5549.1,1.016,0.45,False,
2014-04-30,5196.0,55893,0.0850562294357413,Wed,4894.3,5525.8,0.9403,-1.68,False,
2014-05-01,5059.0,54295,0.0852343565724298,Thu,4894.0,5145.8,0.9831,-0.48,False,
2014-05-02,4961.0,50691,0.0891432473226478,Fri,4884.9,4780.9,1.0377,1.06,False,
2014-05-03,3598.0,42281,0.078423679679156,Sat,4911.1,3576.2,1.0061,0.17,False,
2014-05-04,4201.0,52105,0.0746101658793023,Sun,4941.6,4184.7,1.0039,0.11,False,
2014-05-05,5541.0,61207,0.0830137232576257,Mon,4969.0,5647.0,0.9812,-0.53,False,
2014-05-06,5822.0,62488,0.0852291026204069,Tue,4937.9,5609.2,1.0379,1.07,False,
2014-05-07,5409.0,59522,0.0833038148188076,Wed,4946.9,5585.1,0.9685,-0.89,False,
2014-05-08,5251.0,57819,0.0832566989059774,Thu,4918.4,5171.4,1.0154,0.43,False,
2014-05-09,4743.0,45739,0.0939542807337268,Fri,4970.9,4865.1,0.9749,-0.71,False,
2014-05-10,3661.0,42263,0.0797186656214615,Sat,4979.9,3626.2,1.0096,0.27,False,
2014-05-11,4002.0,48901,0.0756478838629189,Sun,5006.9,4240.0,0.9439,-1.58,False,
2014-05-12,5908.0,62682,0.0861350051027846,Mon,5051.0,5740.1,1.0292,0.82,False,
2014-05-13,5885.0,63023,0.0854037267080745,Tue,5102.9,5796.6,1.0153,0.43,False,
2014-05-14,5598.0,63506,0.0810083352627923,Wed,5059.9,5712.7,0.9799,-0.57,False,
2014-05-15,5560.0,59238,0.0858051174418963,Thu,5084.0,5345.5,1.0401,1.13,False,
2014-05-16,5106.0,51169,0.090733007552199,Fri,5076.9,4968.9,1.0276,0.78,False,
2014-05-17,3360.0,39675,0.0780759846636458,Sat,5050.0,3677.3,0.9137,-2.43,False,
2014-05-18,4171.0,50757,0.0759357704631517,Sun,5054.0,4280.0,0.9745,-0.72,False,
2014-05-19,5858.0,65319,0.0823018671761945,Mon,5016.0,5700.4,1.0277,0.78,False,
2014-05-20,5697.0,64029,0.0817055330866534,Tue,4999.1,5678.8,1.0032,0.09,False,
2014-05-21,5626.0,65918,0.0786369227328637,Wed,5008.3,5654.5,0.995,-0.14,False,
2014-05-22,5294.0,59608,0.0815691350035438,Thu,4913.7,5166.5,1.0247,0.7,False,
2014-05-23,4988.0,53632,0.0850904128283862,Fri,4800.9,4698.7,1.0616,1.74,False,
2014-05-24,3424.0,43377,0.073160829896797,Sat,4835.0,3520.7,0.9725,-0.78,False,
2014-05-25,3509.0,44773,0.0726771881860734,Sun,4894.0,4144.5,0.8467,-4.32,True,
2014-05-26,5068.0,59947,0.077951242021072,Mon,4927.6,5599.9,0.905,-2.68,False,Memorial Day
2014-05-27,5936.0,66860,0.0815429419198857,Tue,4969.4,5645.0,1.0515,1.45,False,
2014-05-28,6039.0,68081,0.0814759848893686,Wed,5032.3,5681.6,1.0629,1.77,False,
2014-05-29,5529.0,62012,0.0818613878977213,Thu,5169.6,5435.5,1.0172,0.49,False,
2014-05-30,5281.0,56563,0.085392277342992,Fri,5333.0,5219.5,1.0118,0.33,False,
2014-05-31,3864.0,47117,0.0757929424687628,Sat,5390.9,3925.5,0.9843,-0.44,False,
2014-06-01,4470.0,56424,0.0734062469208789,Sun,5416.1,4586.6,0.9746,-0.72,False,
2014-06-02,6212.0,68700,0.0829239641178983,Mon,5489.3,6238.2,0.9958,-0.12,False,
2014-06-03,6341.0,72626,0.0802993655577646,Tue,5485.6,6231.3,1.0176,0.5,False,
2014-06-04,6216.0,75726,0.0758585340850845,Wed,5495.3,6204.3,1.0019,0.05,False,
2014-06-05,6041.0,66624,0.0831349342874836,Thu,5535.0,5819.7,1.038,1.07,False,
2014-06-06,5255.0,59075,0.0816881703715218,Fri,5561.0,5442.7,0.9655,-0.97,False,
2014-06-07,3932.0,51578,0.070834083948838,Sat,5556.1,4045.9,0.9719,-0.79,False,
2014-06-08,4748.0,62129,0.0709960075960345,Sun,5555.4,4704.6,1.0092,0.26,False,
2014-06-09,6394.0,75114,0.0784462874809834,Mon,5512.9,6265.0,1.0206,0.58,False,
2014-06-10,6307.0,74776,0.077784492433679,Tue,5535.3,6287.8,1.0031,0.09,False,
2014-06-11,6211.0,74091,0.0773455206595103,Wed,5507.6,6218.2,0.9988,-0.03,False,
2014-06-12,5743.0,64765,0.0814517501560106,Thu,5453.1,5733.7,1.0016,0.05,False,
2014-06-13,5412.0,58746,0.0843542504442158,Fri,5431.1,5315.6,1.0181,0.51,False,
2014-06-14,3738.0,49087,0.0707619498343587,Sat,5391.0,3925.6,0.9522,-1.35,False,
2014-06-15,4367.0,57323,0.0707894310260982,Sun,5424.9,4594.0,0.9506,-1.39,False,
2014-06-16,6240.0,75580,0.0762649718895135,Mon,5441.7,6184.2,1.009,0.25,False,
2014-06-17,6026.0,75607,0.0738181862727083,Tue,5443.6,6183.6,0.9745,-0.72,False,
2014-06-18,6448.0,80222,0.0743971385715934,Wed,5487.7,6195.7,1.0407,1.15,False,
2014-06-19,5861.0,72412,0.0748789493184112,Thu,5561.9,5848.0,1.0022,0.06,False,
2014-06-20,5425.0,62974,0.0793140250588458,Fri,5581.1,5462.4,0.9932,-0.19,False,
2014-06-21,4047.0,53903,0.0698360655737704,Sat,5640.3,4107.1,0.9854,-0.41,False,
2014-06-22,4886.0,64490,0.0704278136531365,Sun,5617.1,4756.9,1.0271,0.77,False,
2014-06-23,6375.0,78846,0.0748055056852184,Mon,5588.4,6350.9,1.0038,0.11,False,
2014-06-24,6440.0,80296,0.0742482936727541,Tue,5578.0,6336.3,1.0164,0.46,False,
2014-06-25,6286.0,79000,0.0737049457120746,Wed,5585.9,6306.6,0.9967,-0.09,False,
2014-06-26,5660.0,68715,0.0761008403361344,Thu,5564.6,5850.8,0.9674,-0.92,False,
2014-06-27,5352.0,62352,0.0790499822757887,Fri,5521.4,5404.0,0.9904,-0.27,False,
2014-06-28,4102.0,53884,0.070741213396337,Sat,5408.4,3938.3,1.0416,1.17,False,
2014-06-29,4737.0,65581,0.0673653971955971,Sun,5474.1,4635.8,1.0218,0.62,False,
2014-06-30,6073.0,76044,0.073955453803719,Mon,5548.6,6305.6,0.9631,-1.04,False,
2014-07-01,5649.0,73892,0.0710199771187186,Tue,5484.3,6229.9,0.9068,-2.63,False,
2014-07-02,6746.0,85416,0.073197196241401,Wed,5499.7,6209.3,1.0864,2.44,False,
2014-07-03,6181.0,75037,0.0761038193503903,Thu,5537.3,5822.1,1.0616,1.74,False,
2014-07-04,4902.0,63164,0.0720183351453001,Fri,5711.7,5590.2,0.8769,-3.47,False,Independence Day
2014-07-05,4210.0,61314,0.0642512667114339,Sat,5907.3,4301.6,0.9787,-0.6,False,
2014-07-06,5000.0,74710,0.0627273867770668,Sun,5926.0,5018.4,0.9963,-0.1,False,
2014-07-07,7294.0,95456,0.0709878345498783,Mon,6012.9,6833.2,1.0674,1.9,False,
2014-07-08,7018.0,93232,0.070004987531172,Tue,6187.6,7028.8,0.9985,-0.04,False,
2014-07-09,6877.0,92811,0.0689852339298611,Wed,6231.0,7034.9,0.9775,-0.63,False,
2014-07-10,6789.0,87622,0.0719089936554003,Thu,6268.4,6590.9,1.0301,0.85,False,
2014-07-11,6125.0,73736,0.0766957588810558,Fri,6265.1,6131.9,0.9989,-0.03,False,
2014-07-12,4514.0,62795,0.067063839902539,Sat,6280.9,4573.6,0.987,-0.37,False,
2014-07-13,5262.0,76492,0.0643638231768476,Sun,6380.9,5403.6,0.9738,-0.74,False,
2014-07-14,7271.0,94281,0.0715987868284228,Mon,6374.9,7244.6,1.0036,0.1,False,
2014-07-15,7128.0,97595,0.0680652769687652,Tue,6384.7,7252.7,0.9828,-0.48,False,
2014-07-16,7577.0,103002,0.0685211477767026,Wed,6394.3,7219.3,1.0495,1.4,False,
2014-07-17,6747.0,87443,0.0716318080475634,Thu,6407.1,6736.7,1.0015,0.04,False,
2014-07-18,6194.0,78222,0.0733747156937073,Fri,6435.9,6298.9,0.9833,-0.47,False,
2014-07-19,4581.0,65215,0.065634133761247,Sat,6458.7,4703.1,0.974,-0.73,False,
2014-07-20,5352.0,78961,0.0634777555062683,Sun,6411.3,5429.4,0.9857,-0.4,False,
2014-07-21,7472.0,101233,0.068736488661975,Mon,6372.7,7242.2,1.0317,0.89,False,
2014-07-22,7288.0,98014,0.0692104613397656,Tue,6344.7,7207.3,1.0112,0.32,False,
2014-07-23,7245.0,95474,0.0705322287016034,Wed,6327.7,7144.1,1.0141,0.4,False,
2014-07-24,6477.0,86530,0.0696399195759459,Thu,6333.1,6658.9,0.9727,-0.77,False,
2014-07-25,5998.0,74338,0.0746614220274845,Fri,6297.6,6163.6,0.9731,-0.76,False,
2014-07-26,4462.0,63655,0.0655049400296548,Sat,6274.7,4569.1,0.9766,-0.66,False,
2014-07-27,5390.0,76118,0.0661284781861903,Sun,6316.3,5348.9,1.0077,0.22,False,
2014-07-28,7223.0,94326,0.0711282238131345,Mon,6378.7,7249.0,0.9964,-0.1,False,
2014-07-29,7128.0,96699,0.0686526626022133,Tue,6416.0,7288.3,0.978,-0.62,False,
2014-07-30,7536.0,108154,0.0651395971994122,Wed,6454.7,7287.5,1.0341,0.96,False,
2014-07-31,6914.0,87881,0.0729363363046574,Thu,6469.1,6801.9,1.0165,0.46,False,
2014-08-01,6259.0,78278,0.0740385866543643,Fri,6509.9,6371.4,0.9824,-0.5,False,
2014-08-02,4733.0,66843,0.0661255169330501,Sat,6561.6,4778.0,0.9906,-0.27,False,
2014-08-03,5491.0,80578,0.063797650722095,Sun,6573.9,5567.0,0.9863,-0.39,False,
2014-08-04,7508.0,98172,0.0710446631339894,Mon,6598.3,7498.5,1.0013,0.04,False,
2014-08-05,7490.0,99639,0.0699157090983767,Tue,6652.0,7556.3,0.9912,-0.25,False,
2014-08-06,7622.0,97194,0.0727179056632575,Wed,6666.1,7526.2,1.0127,0.36,False,
2014-08-07,7085.0,86742,0.0755113133746149,Thu,6665.6,7008.5,1.0109,0.31,False,
2014-08-08,6635.0,79955,0.0766254763829541,Fri,6613.6,6472.9,1.025,0.71,False,
2014-08-09,4832.0,65562,0.0686422138250419,Sat,6556.1,4774.1,1.0121,0.34,False,
2014-08-10,5487.0,77334,0.0662513130727713,Sun,6578.9,5571.3,0.9849,-0.43,False,
2014-08-11,7144.0,89742,0.073736143508866,Mon,6569.1,7465.4,0.9569,-1.21,False,
2014-08-12,7088.0,94351,0.069874505860665,Tue,6524.1,7411.1,0.9564,-1.23,False,
2014-08-13,7781.0,98423,0.0732646604647659,Wed,6510.9,7350.9,1.0585,1.65,False,
2014-08-14,7017.0,85743,0.075646830530401,Thu,6519.1,6854.5,1.0237,0.67,False,
2014-08-15,6320.0,75993,0.0767800954891693,Fri,6578.3,6438.3,0.9816,-0.52,False,
2014-08-16,4739.0,64993,0.0679601904434119,Sat,6653.0,4844.6,0.9782,-0.61,False,
2014-08-17,5545.0,78295,0.0661378816793893,Sun,6574.6,5567.6,0.9959,-0.11,False,
2014-08-18,7558.0,94214,0.0742640411901112,Mon,6505.6,7393.2,1.0223,0.63,False,
2014-08-19,7611.0,96075,0.0734043168798102,Tue,6470.4,7350.1,1.0355,1.0,False,
2014-08-20,7232.0,89314,0.0749072980755287,Wed,6429.1,7258.6,0.9963,-0.1,False,
2014-08-21,6534.0,81680,0.0740698755299612,Thu,6364.0,6691.4,0.9765,-0.66,False,
2014-08-22,6074.0,72871,0.076939641522579,Fri,6286.0,6152.3,0.9873,-0.36,False,
2014-08-23,4450.0,61060,0.0679285605251106,Sat,6216.1,4526.5,0.9831,-0.48,False,
2014-08-24,5089.0,72461,0.0656221792392005,Sun,6214.1,5262.4,0.967,-0.93,False,
2014-08-25,7012.0,91127,0.0714496785172051,Mon,6214.9,7062.8,0.9928,-0.2,False,
2014-08-26,7122.0,93674,0.0706575657764197,Tue,6240.1,7088.5,1.0047,0.13,False,
2014-08-27,7218.0,97302,0.0690585533869116,Wed,6209.1,7010.3,1.0296,0.84,False,
2014-08-28,6539.0,83653,0.0725008869966294,Thu,6104.4,6418.5,1.0188,0.53,False,
2014-08-29,6251.0,75264,0.0766852726492056,Fri,5925.7,5799.7,1.0778,2.19,False,
2014-08-30,4233.0,59524,0.0663927098200981,Sat,5967.7,4345.6,0.9741,-0.73,False,
2014-08-31,4356.0,66964,0.0610768367919237,Sun,5980.9,5064.9,0.86,-3.95,True,
2014-09-01,5761.0,81789,0.0658023986293546,Mon,6077.9,6907.1,0.8341,-4.68,True,Labor Day
2014-09-02,7416.0,95250,0.0722342352872421,Tue,6159.6,6997.0,1.0599,1.69,False,
2014-09-03,7310.0,94056,0.072114910324961,Wed,6241.6,7046.9,1.0373,1.05,False,
2014-09-04,7218.0,86638,0.0769050460279577,Thu,6386.4,6715.0,1.0749,2.11,False,
2014-09-05,6823.0,80406,0.0782193995116303,Fri,6666.7,6524.9,1.0457,1.29,False,
2014-09-06,4807.0,67370,0.0666001634869833,Sat,6697.7,4877.1,0.9856,-0.41,False,
2014-09-07,5370.0,76545,0.0655557590184947,Sun,6772.6,5735.3,0.9363,-1.8,False,
2014-09-08,7723.0,94835,0.075303730571969,Mon,6794.0,7721.0,1.0003,0.01,False,
2014-09-09,7633.0,96325,0.0734238827218684,Tue,6775.9,7697.0,0.9917,-0.23,False,
2014-09-10,7834.0,100435,0.0723568149701207,Wed,6749.1,7619.9,1.0281,0.79,False,
2014-09-11,7368.0,88269,0.0770413124627497,Thu,6737.7,7084.3,1.04,1.13,False,
2014-09-12,6696.0,77413,0.0796109809889548,Fri,6718.1,6575.2,1.0184,0.52,False,
2014-09-13,4620.0,66887,0.0646090592529402,Sat,6698.6,4877.8,0.9472,-1.49,False,
2014-09-14,5290.0,78415,0.0631981363120482,Sun,6663.6,5643.0,0.9374,-1.76,False,
2014-09-15,7586.0,98864,0.0712635039924847,Mon,6599.4,7499.8,1.0115,0.32,False,
2014-09-16,7496.0,97376,0.0714776108017392,Tue,6577.9,7472.1,1.0032,0.09,False,
2014-09-17,7589.0,95437,0.0736610176072059,Wed,6557.6,7403.6,1.025,0.71,False,
2014-09-18,6919.0,87070,0.0736149974997074,Thu,6546.4,6883.2,1.0052,0.15,False,
2014-09-19,6545.0,74184,0.0810737157650906,Fri,6536.4,6397.4,1.0231,0.65,False,
2014-09-20,4478.0,62424,0.0669337239544408,Sat,6533.1,4757.3,0.9413,-1.66,False,
2014-09-21,5212.0,76240,0.0639886067868192,Sun,6522.3,5523.4,0.9436,-1.59,False,
2014-09-22,7516.0,94423,0.0737303681613514,Mon,6496.9,7383.3,1.018,0.51,False,
2014-09-23,7473.0,96263,0.0720386365389064,Tue,6441.6,7317.3,1.0213,0.6,False,
2014-09-24,7513.0,98162,0.0710953394842678,Wed,6421.6,7250.1,1.0363,1.02,False,
2014-09-25,6741.0,84698,0.073721278666652,Thu,6416.7,6746.8,0.9991,-0.02,False,
2014-09-26,6158.0,70573,0.0802543952248765,Fri,6438.9,6301.9,0.9772,-0.64,False,
2014-09-27,4338.0,59382,0.0680790960451977,Sat,6441.1,4690.3,0.9249,-2.12,False,
2014-09-28,5178.0,74365,0.0650968658461461,Sun,6429.7,5445.0,0.951,-1.38,False,
2014-09-29,7671.0,94226,0.0752819023131201,Mon,6483.0,7367.5,1.0412,1.16,False,
2014-09-30,7489.0,96007,0.0723602844554378,Tue,6547.6,7437.7,1.0069,0.19,False,
2014-10-01,7433.0,94640,0.0728204324356098,Wed,6592.1,7442.7,0.9987,-0.04,False,
2014-10-02,7114.0,83103,0.0788543179223427,Thu,6626.0,6966.9,1.0211,0.6,False,
2014-10-03,6610.0,76277,0.0797471256047389,Fri,6603.7,6463.2,1.0227,0.64,False,
2014-10-04,4650.0,62840,0.0688990961623944,Sat,6620.6,4821.0,0.9645,-1.0,False,
2014-10-05,5415.0,76335,0.0662385321100917,Sun,6681.9,5658.5,0.957,-1.21,False,
2014-10-06,7515.0,93643,0.0742897249846774,Mon,6699.1,7613.2,0.9871,-0.36,False,
2014-10-07,7607.0,95620,0.0736919604367074,Tue,6694.4,7604.5,1.0003,0.01,False,
2014-10-08,7862.0,105307,0.069471321651689,Wed,6657.6,7516.5,1.046,1.3,False,
2014-10-09,7235.0,88607,0.0754888253584023,Thu,6601.6,6941.2,1.0423,1.19,False,
2014-10-10,6577.0,77261,0.0784489133805672,Fri,6579.7,6439.7,1.0213,0.6,False,
2014-10-11,4392.0,62652,0.0655092178270986,Sat,6553.7,4772.3,0.9203,-2.25,False,
2014-10-12,5023.0,70526,0.0664866510476644,Sun,6513.6,5516.0,0.9106,-2.52,False,
2014-10-13,7362.0,93277,0.073152555172448,Mon,6479.9,7364.0,0.9997,-0.01,False,
2014-10-14,7425.0,91828,0.0748088218995899,Tue,6454.7,7332.2,1.0127,0.36,False,
2014-10-15,7581.0,93256,0.07518073722939,Wed,6438.9,7269.6,1.0428,1.21,False,
2014-10-16,6999.0,81415,0.0791616712285384,Thu,6450.7,6782.6,1.0319,0.9,False,
2014-10-17,6401.0,71499,0.0821694480102695,Fri,6461.9,6324.4,1.0121,0.34,False,
2014-10-18,4281.0,57853,0.0688994753275179,Sat,6444.4,4692.7,0.9123,-2.47,False,
2014-10-19,5106.0,71150,0.066958665547629,Sun,6412.6,5430.5,0.9403,-1.69,False,
2014-10-20,7440.0,90106,0.076271707707133,Mon,6379.9,7250.3,1.0262,0.74,False,
2014-10-21,7303.0,91819,0.07367688303303,Tue,6339.6,7201.4,1.0141,0.4,False,
2014-10-22,7358.0,93529,0.072933083548921,Wed,6329.1,7145.7,1.0297,0.84,False,
2014-10-23,6770.0,81758,0.076472980300018,Thu,6354.3,6681.2,1.0133,0.38,False,
2014-10-24,6119.0,70526,0.0798356057146584,Fri,6390.9,6254.9,0.9783,-0.61,False,
2014-10-25,4208.0,58333,0.0672838617866679,Sat,6417.3,4672.9,0.9005,-2.81,False,
2014-10-26,5282.0,76093,0.0649093701996927,Sun,6408.6,5427.1,0.9733,-0.75,False,
2014-10-27,7696.0,93567,0.0760001185033032,Mon,6388.6,7260.2,1.06,1.69,False,
2014-10-28,7488.0,93212,0.0743594836146971,Tue,6406.9,7277.9,1.0289,0.81,False,
2014-10-29,7297.0,88439,0.0762200217264143,Wed,6463.4,7297.4,1.0,-0.0,False,
2014-10-30,6630.0,78858,0.0775547445255474,Thu,6520.9,6856.3,0.967,-0.93,False,
2014-10-31,6247.0,68164,0.0839526414105441,Fri,6550.6,6411.2,0.9744,-0.72,False,
2014-11-01,4604.0,62972,0.0681306972889783,Sat,6570.9,4784.8,0.9622,-1.07,False,
2014-11-02,5684.0,81325,0.065326575411739,Sun,6585.1,5576.6,1.0193,0.54,False,
2014-11-03,7904.0,95226,0.076641132551149,Mon,6612.4,7514.6,1.0518,1.46,False,
2014-11-04,7630.0,93704,0.0752955572660706,Tue,6631.1,7532.6,1.0129,0.36,False,
2014-11-05,7397.0,97635,0.0704261558382207,Wed,6614.3,7467.7,0.9905,-0.27,False,
2014-11-06,6821.0,85126,0.0741840408061165,Thu,6576.0,6914.3,0.9865,-0.38,False,
2014-11-07,6378.0,74726,0.0786397711580193,Fri,6480.0,6342.1,1.0057,0.16,False,
2014-11-08,4486.0,63096,0.0663786215264419,Sat,6405.6,4664.4,0.9618,-1.08,False,
2014-11-09,5416.0,77171,0.0655793284657391,Sun,6370.1,5394.5,1.004,0.11,False,
2014-11-10,7232.0,90061,0.0743321718931475,Mon,6346.6,7212.5,1.0027,0.08,False,
2014-11-11,7109.0,90197,0.0730581875732226,Tue,6329.3,7189.7,0.9888,-0.32,False,
2014-11-12,7149.0,90322,0.0733448923269485,Wed,6351.6,7171.1,0.9969,-0.09,False,
2014-11-13,6656.0,84645,0.0729017206821392,Thu,6353.9,6680.7,0.9963,-0.1,False,
2014-11-14,6257.0,72720,0.0792255973258037,Fri,6344.6,6209.6,1.0076,0.22,False,
2014-11-15,4642.0,63463,0.0681594596578812,Sat,6313.6,4597.4,1.0097,0.27,False,
2014-11-16,5432.0,75914,0.0667764856292872,Sun,6281.4,5319.4,1.0212,0.6,False,
2014-11-17,7167.0,90235,0.0735816513007946,Mon,6253.0,7106.1,1.0086,0.24,False,
2014-11-18,6892.0,86581,0.0737325216907556,Tue,6254.6,7104.9,0.97,-0.85,False,
2014-11-19,6924.0,91229,0.0705429278779049,Wed,6311.3,7125.6,0.9717,-0.8,False,
2014-11-20,6457.0,80119,0.0745818702642764,Thu,6346.7,6673.2,0.9676,-0.91,False,
2014-11-21,6268.0,71771,0.0803188149514986,Fri,6397.1,6261.1,1.0011,0.03,False,
2014-11-22,5039.0,67268,0.0696889651071127,Sat,6429.6,4681.9,1.0763,2.15,False,
2014-11-23,5680.0,80145,0.0661811826390911,Sun,6404.4,5423.6,1.0473,1.33,False,
2014-11-24,7520.0,94209,0.0739218905130297,Mon,6211.7,7059.2,1.0653,1.84,False,
2014-11-25,7119.0,87909,0.0749147619648945,Tue,6216.7,7061.9,1.0081,0.23,False,
2014-11-26,6748.0,84254,0.0741522164348036,Wed,6180.9,6978.3,0.967,-0.93,False,
2014-11-27,5108.0,68324,0.0695609543523259,Thu,6193.4,6512.0,0.7844,-6.08,True,Thanksgiving
2014-11-28,6303.0,83833,0.0699276648619863,Fri,6440.0,6303.0,1.0,0.0,False,Black Friday
2014-11-29,4788.0,67156,0.0665517624819303,Sat,6528.3,4753.8,1.0072,0.2,False,
2014-11-30,5768.0,81737,0.0659162333580938,Sun,6677.6,5654.9,1.02,0.56,False,
2014-12-01,9246.0,114582,0.0746680879930225,Mon,6950.9,7899.2,1.1705,4.81,True,Cyber Monday
2014-12-02,7737.0,100943,0.0711906514538093,Tue,7003.6,7955.7,0.9725,-0.78,False,
2014-12-03,7793.0,105739,0.0686414402987704,Wed,7006.4,7910.4,0.9852,-0.42,False,
2014-12-04,7021.0,85857,0.0755937897026206,Thu,7028.1,7389.7,0.9501,-1.41,False,
2014-12-05,6672.0,79640,0.0773009546760589,Fri,6693.6,6551.2,1.0184,0.52,False,
2014-12-06,4808.0,66249,0.0676639880659189,Sat,6654.1,4845.4,0.9923,-0.22,False,
2014-12-07,5920.0,83630,0.066108319374651,Sun,6584.4,5576.0,1.0617,1.74,False,
2014-12-08,6904.0,94698,0.0679514182791677,Mon,6542.7,7435.4,0.9285,-2.02,False,
2014-12-09,7461.0,95009,0.0728115546013467,Tue,6503.3,7387.4,1.01,0.28,False,
2014-12-10,7305.0,95254,0.0712272935578545,Wed,6504.1,7343.3,0.9948,-0.15,False,
2014-12-11,6729.0,84421,0.0738233680746023,Thu,6474.3,6807.3,0.9885,-0.32,False,
2014-12-12,6396.0,77280,0.0764376882260146,Fri,6531.9,6392.9,1.0005,0.01,False,
2014-12-13,4814.0,65677,0.0682924061227674,Sat,6473.7,4714.0,1.0212,0.6,False,
2014-12-14,5711.0,78494,0.0678225758565405,Sun,6455.4,5466.8,1.0447,1.26,False,
2014-12-15,7307.0,95417,0.0711323546590864,Mon,6439.9,7318.5,0.9984,-0.04,False,
2014-12-16,7054.0,96936,0.067833445523608,Tue,6409.9,7281.3,0.9688,-0.88,False,
2014-12-17,7177.0,103011,0.0651341343884996,Wed,6416.7,7244.6,0.9907,-0.26,False,
2014-12-18,6620.0,89320,0.0690014592453616,Thu,6259.9,6581.9,1.0058,0.16,False,
2014-12-19,6186.0,80308,0.0715194117511041,Fri,6135.4,6004.9,1.0302,0.85,False,
2014-12-20,4862.0,69168,0.0656760772659732,Sat,6032.4,4392.7,1.1068,3.01,False,
2014-12-21,4613.0,67612,0.0638698511595707,Sun,5702.4,4829.1,0.9553,-1.26,False,
2014-12-22,6436.0,89298,0.0672279440950968,Mon,5377.6,6111.3,1.0531,1.5,False,
2014-12-23,6333.0,88417,0.0668390501319261,Tue,5327.1,6051.4,1.0465,1.31,False,
2014-12-24,4867.0,68783,0.0660828241683638,Wed,5380.7,6074.9,0.8012,-5.61,True,Christmas Eve
2014-12-25,4346.0,67963,0.0601031683469554,Thu,5523.1,5807.3,0.7484,-7.1,True,Christmas Day
2014-12-26,5833.0,93332,0.058821156658095,Fri,5614.0,5494.6,1.0616,1.74,False,
2014-12-27,5237.0,85620,0.0576400277358926,Sat,5748.3,4185.8,1.2511,7.08,True,
2014-12-28,5610.0,95126,0.0556901207115628,Sun,5876.7,4976.7,1.1273,3.59,True,
2014-12-29,7072.0,114652,0.0580986494035687,Mon,6131.8,6968.4,1.0149,0.42,False,
2014-12-30,7273.0,115539,0.0592205973357652,Tue,6191.6,7033.3,1.0341,0.96,False,
2014-12-31,5766.0,82234,0.0655227272727272,Wed,6430.2,7259.9,0.7942,-5.8,True,New Year's Eve
