date,clicks,bookings,total,booking_rate,bookings_mad_z,bookings_is_anomaly,total_mad_z,total_is_anomaly
2013-01-07,31351,3002,34353,0.08738683666637558,0.364925486282982,False,0.619366425457987,False
2013-01-08,32481,3152,35633,0.0884573288805321,0.6744907594765952,False,0.8619221209323922,False
2013-01-09,31779,3019,34798,0.08675785964710615,0.2431223128906368,False,0.6228456511149981,False
2013-01-10,29535,2810,32345,0.0868758695316123,-0.3067366290040262,False,0.0,False
2013-01-11,27295,2737,30032,0.09113612147043154,-0.5255772151765677,False,-0.5355484204247506,False
2013-01-12,24918,2020,26938,0.07498700720172248,-3.180009065454751,False,-1.3071123598918883,False
2013-01-13,28854,2361,31215,0.07563671311869294,-1.6800951645144282,False,0.05319728374951389,False
2013-01-14,32842,3126,35968,0.0869105871886121,1.0422448899491643,False,1.2459598055935706,False
2013-01-15,31331,3231,34562,0.09348417336959666,1.4698642784438012,False,0.7880433620404973,False
2013-01-16,31308,3147,34455,0.0913365259033522,1.2480881643500432,False,0.7855090244181644,False
2013-01-17,27270,2871,30141,0.095252314123619,0.1041823276954528,False,-0.30424833564988174,False
2013-01-18,24490,2700,27190,0.09930121368150055,-0.5380978912167852,False,-1.0379756478276794,False
2013-01-19,22415,1977,24392,0.08105116431616924,-3.0590086907820018,False,-1.6523006369994897,False
2013-01-20,28289,2417,30706,0.07871425779977854,-1.3697350807832396,False,-0.08787093127077476,False
2013-01-21,30165,2992,33157,0.09023735561118316,0.6094897726434315,False,0.5065600915904934,False
2013-01-22,29821,3016,32837,0.09184761092669855,0.6703930027361542,False,0.4660220554811105,False
2013-01-23,27935,2903,30838,0.0941371035735132,0.29995579340028417,False,0.09354292590649893,False
2013-01-24,27080,2745,29825,0.0920368818105616,-0.20669878112992432,False,-0.058048159816728534,False
2013-01-25,24376,2606,26982,0.09658290712326736,-0.5377276561725851,False,-0.6224687253301348,False
2013-01-26,23849,2043,25892,0.07890468098254287,-2.001714511995057,False,-0.5525426611576336,False
2013-01-27,29409,2438,31847,0.0765535215247904,-0.9274247942803183,False,0.7413071881757742,False
2013-01-28,29088,2813,31901,0.08817905394815209,0.09247050734759772,False,0.71690060051173,False
2013-01-29,28459,2950,31409,0.09392212423190806,0.4650722575423297,False,0.6129621607145379,False
2013-01-30,28110,2974,31084,0.09567623214515507,0.5520491000962688,False,0.5162113298058659,False
2013-01-31,19830,2844,22674,0.1254300079386081,0.20203640260819672,False,-1.109521845726251,False
2013-02-01,15611,2572,18183,0.14145080569762966,-0.643408235998411,False,-1.8793495084633731,False
2013-02-02,16352,2065,18417,0.1121246674268339,-2.2503746998205294,False,-2.0906909476127344,False
2013-02-03,19243,2204,21447,0.10276495547162773,-1.8183276234737704,False,-1.4998811032805368,False
2013-02-04,19900,3016,22916,0.13161110141385932,0.7055732829547793,False,-1.2023354799558765,False
2013-02-05,19666,3068,22734,0.1349520541919592,0.8672024050413366,False,-1.2257639882601543,False
2013-02-06,19338,3213,22551,0.14247705201543168,1.2156602848802396,False,-1.2624287169053992,False
2013-02-07,21767,2631,24398,0.10783670792687926,-0.43765724844887904,False,-0.892375417409403,False
2013-02-08,24296,2549,26845,0.09495250512199664,-0.7451253153971422,False,-0.40210989284703,False
2013-02-09,25051,2130,27181,0.07836356278282623,-1.8825543307095234,False,-0.31782137725354687,False
2013-02-10,30135,2416,32551,0.07422199010783079,-1.0999808734669017,False,0.6687057945065468,False
2013-02-11,32653,3170,35823,0.08849063450855596,0.9631673319909189,False,1.2602184626940085,False
2013-02-12,31260,3083,34343,0.08977084121946248,0.6826995719651542,False,0.9926638328292642,False
2013-02-13,30452,2957,33409,0.08850908437846089,0.321309966423759,False,0.8238151677659729,False
2013-02-14,26115,2823,28938,0.0975533900062202,-0.026303260815243267,False,0.015547093357005413,False
2013-02-15,26001,2765,28766,0.09612041994020719,-0.2542648545473516,False,-0.30507987197637865,False
2013-02-16,24851,2182,27033,0.08071616172825806,-1.6911682229367377,False,-0.6381213952110647,False
2013-02-17,29408,2361,31769,0.07431773112153357,-1.2489197029868824,False,0.2720255488394104,False
2013-02-18,32574,3060,35634,0.08587304259976428,0.47807312072791636,False,0.9528329339879598,False
2013-02-19,30830,3110,33940,0.09163229228049499,0.5923841296034299,False,0.5981492390944757,False
2013-02-20,30829,3110,33939,0.09163499219187365,0.5923841296034299,False,0.5091480696037636,False
2013-02-21,29063,2910,31973,0.0910142933099803,0.10582632294763532,False,-0.282348537694673,False
2013-02-22,25757,2664,28421,0.0937335069139017,-0.6556366444686832,False,-1.6712230597546984,False
2013-02-23,25192,2125,27317,0.07779038693853645,-1.9863722456722814,False,-1.8675813305622846,False
2013-02-24,30674,2561,33235,0.0770573190913194,-0.9256762271626492,False,-0.022440036739756704,False
2013-02-25,31315,3125,34440,0.09073751451800233,0.4464167876066915,False,0.24771499247175013,False
2013-02-26,32272,3232,35504,0.09103199639477241,0.7177273466225308,False,0.5786236578702965,False
2013-02-27,31296,3218,34514,0.09323752680071855,0.672666167701636,False,0.30512885858094124,False
2013-02-28,28945,3064,32009,0.09572307788434503,0.1977059598823264,False,-0.681486807247762,False
2013-03-01,26036,2771,28807,0.09619189780261742,-0.6702714249669114,False,-1.8302737284414097,False
2013-03-02,25064,2381,27445,0.08675532883949717,-1.6105802585535858,False,-2.265594919515122,False
2013-03-03,32777,2751,35528,0.07743188471065075,-0.7184923907918691,False,0.5676693698699993,False
2013-03-04,32926,3371,36297,0.09287268920296443,0.7763575497818183,False,0.8372203086968157,False
2013-03-05,33388,3362,36750,0.09148299319727891,0.7498360185780916,False,0.9960064924270471,False
2013-03-06,34323,3491,37814,0.09232030464907177,1.0608612481490685,False,1.332603344447119,False
2013-03-07,30840,3038,33878,0.08967471515437747,-0.03065867088529978,False,-0.01670013178511762,False
2013-03-08,27110,2926,30036,0.09741643361299773,-0.29479491235865174,False,-1.2625623903952516,False
2013-03-09,26568,2298,28866,0.07960922885055081,-1.7758445520485182,False,-1.6419634426008363,False
2013-03-10,31391,2590,33981,0.07621906359436155,-1.0872036367787077,False,0.01670013178511762,False
2013-03-11,33985,3261,37246,0.08755302582827686,0.4952554527625349,False,1.0754560595212153,False
2013-03-12,32147,3327,35474,0.09378699892879291,0.7983046226672289,False,0.5008418163517314,False
2013-03-13,31783,3270,35053,0.09328730779105926,0.678710093986279,False,0.4004788884392284,False
2013-03-14,29964,3116,33080,0.09419588875453447,0.30740865713410503,False,-0.22147941765505505,False
2013-03-15,26869,2810,29679,0.09467973988341925,-0.411083733657764,False,-1.249827704946649,False
2013-03-16,25225,2270,27495,0.08256046553918894,-1.666871946463029,False,-1.9181978586203714,False
2013-03-17,30488,2687,33175,0.08099472494348153,-0.6885670883700198,False,-0.17994581060446369,False
2013-03-18,32501,3203,35704,0.08970983643289267,0.5219971964644954,False,0.6056827798561814,False
2013-03-19,32454,3198,35652,0.08970043756311007,0.5680609494139766,False,0.6285862159550483,False
2013-03-20,32608,3292,35900,0.0916991643454039,0.8135677505400171,False,0.7044817279106724,False
2013-03-21,29726,2793,32519,0.08588824994618531,-0.4897077150120488,False,-0.33020668306499373,False
2013-03-22,25787,2779,28566,0.09728348386193376,-0.5262725577329485,False,-1.4507365904259526,False
2013-03-23,25174,2314,27488,0.08418218859138533,-1.7407476909628294,False,-1.7806372432008026,False
2013-03-24,31115,2643,33758,0.07829255287635524,-0.8814738870216878,False,0.13817267599985605,False
2013-03-25,32038,2939,34977,0.08402664608171084,-0.1083886409226668,False,0.5660030216206727,False
2013-03-26,30228,3210,33438,0.09599856450744662,0.5384195801734908,False,0.095022405089602,False
2013-03-27,30678,3090,33768,0.09150675195451315,0.2851611512072864,False,0.1688038806075058,False
2013-03-28,27289,3022,30311,0.099699778958134,0.11873326200754486,False,-0.6446774324478937,False
2013-03-29,24328,2539,26867,0.09450254959615886,-1.1358338558312122,False,-1.3880077934898019,False
2013-03-30,21707,1973,23680,0.08331925675675676,-2.7551838870666434,False,-2.117490121631622,False
2013-03-31,25382,2316,27698,0.08361614557007727,-1.7738463239681401,False,-1.1977976225811566,False
2013-04-01,31225,3171,34396,0.09219095243632981,0.6723449776330853,False,0.41040533867533224,False
2013-04-02,34313,3459,37772,0.09157577041194535,1.4963252055408667,False,1.223776990087933,False
2013-04-03,33188,3377,36565,0.09235607821687405,1.0855854924422572,False,0.9475030114035348,False
2013-04-04,29562,3125,32687,0.095603756845229,0.4516519168860106,False,0.05740113370860944,False
2013-04-05,26036,2801,28837,0.09713215660436245,-0.3990786778834062,False,-0.6754236650913623,False
2013-04-06,24033,2163,26196,0.0825698579935868,-1.9084887921921236,False,-1.2551421894677965,False
2013-04-07,28945,2551,31496,0.08099441198882398,-0.9886209022908268,False,-0.09175401105238526,False
2013-04-08,32105,3372,35477,0.09504749556050399,0.9837338152655035,False,0.7821041659800207,False
2013-04-09,32277,3246,35523,0.09137741744785069,0.4977131501285952,False,0.7723446183710739,False
2013-04-10,31462,3186,34648,0.09195335950126991,0.4650934722131905,False,0.6930557070087899,False
2013-04-11,28279,2933,31212,0.09397026784570037,-0.06734385118019047,False,-0.04226601887733087,False
2013-04-12,25458,2725,28183,0.09668949366639464,-0.30388015952065783,False,-0.6904876451023192,False
2013-04-13,23031,2074,25105,0.08261302529376618,-1.681491784155381,False,-1.349195524112063,False
2013-04-14,28250,2545,30795,0.0826432862477675,-0.6902744745969523,False,-0.13150617012718896,False
2013-04-15,29286,3046,32332,0.0942100705183719,0.36407769544290475,False,0.20249539520532392,False
2013-04-16,30677,3202,33879,0.09451282505386818,0.6755173816371379,False,0.5420730389805393,False
2013-04-17,31187,3291,34478,0.09545217239979117,0.8796790560412381,False,0.6877710045539361,False
2013-04-18,28326,2997,31323,0.0956804903744852,0.2797219203180529,False,-0.019388037117130677,False
2013-04-19,24037,2632,26669,0.09869136450560576,-0.543653087069764,False,-1.0307039154118545,False
2013-04-20,23777,2189,25966,0.08430254948779173,-1.4394748189765714,False,-1.188273743080558,False
2013-04-21,30087,2560,32647,0.07841455570190217,-0.6587070443562381,False,0.3091999676656852,False
2013-04-22,32866,3329,36195,0.09197402956209422,0.9596498793177142,False,1.1360493194008883,False
2013-04-23,27624,2813,30437,0.09242040937017446,-0.1353493162829288,False,-0.1545439490434867,False
2013-04-24,29685,3121,32806,0.09513503627385235,0.5219148466464761,False,0.376441714892728,False
2013-04-25,27063,2543,29606,0.08589475106397351,-0.6896419849024831,False,-0.3596574433751229,False
2013-04-26,24177,2646,26823,0.09864668381612796,-0.5412644669386155,False,-1.0310731967590667,False
2013-04-27,21871,2029,23900,0.08489539748953975,-1.9414466787103235,False,-1.7224764897452451,False
2013-04-28,26328,2205,28533,0.07727894017453475,-1.5736376200956659,False,-0.6265916261102931,False
2013-04-29,30759,3373,34132,0.09882221961795383,0.8659355458090858,False,0.6977898441016853,False
2013-04-30,30688,3195,33883,0.09429507422601305,0.48514206372064667,False,0.6053998642008087,False
2013-05-01,32050,3243,35293,0.09188790978380983,0.5937602052535278,False,0.9214360761679099,False
2013-05-02,27995,3046,31041,0.09812828194967946,0.18333648442915948,False,-0.030656200205076936,False
2013-05-03,19069,2305,21374,0.10784130251707683,-1.4114825931904038,False,-2.136150120672914,False
2013-05-04,21752,2150,23902,0.08995063174629737,-1.7344048100826734,False,-1.586512715577634,False
2013-05-05,26930,2521,29451,0.08559980985365523,-0.961474858682467,False,-0.3800499145991098,False
2013-05-06,31370,3242,34612,0.09366693632266267,0.46988013982329246,False,0.7496636759369169,False
2013-05-07,31954,3517,35471,0.09915141946942573,1.1135608059930198,False,0.9364273353423146,False
2013-05-08,30696,3379,34075,0.09916360968451944,0.6614697023438424,False,0.5631154088973667,False
2013-05-09,28280,3077,31357,0.098128009694805,0.029162083045710534,False,0.007159113444027546,False
2013-05-10,25337,2919,28256,0.1033054926387316,-0.2728599949621428,False,-0.683286241707829,False
2013-05-11,23727,2227,25954,0.08580565616090005,-1.5979064266379521,False,-1.1541513602264408,False
2013-05-12,28177,2568,30745,0.08352577654903236,-0.9449572457109999,False,-0.17417100278827016,False
2013-05-13,32866,3611,36477,0.0989938865586534,1.0521864367136666,False,0.969831966303461,False
2013-05-14,30921,3337,34258,0.09740790472298441,0.6456947664611741,False,0.5288818314346198,False
2013-05-15,31363,3488,34851,0.10008321138561303,0.8733347800099294,False,0.6467202406176855,False
2013-05-16,28698,3138,31836,0.09856765925367508,0.18256150768569146,False,0.048988790566988495,False
2013-05-17,24879,2773,27652,0.10028207724576885,-0.5664340833058751,False,-0.850400404101272,False
2013-05-18,22696,2122,24818,0.08550245789346442,-2.0777416498819257,False,-1.4300840469691025,False
2013-05-19,28661,2626,31287,0.08393262377345223,-0.9613431514379058,False,-0.10687533641441122,False
2013-05-20,32799,3333,36132,0.09224510129525075,0.604715853323844,False,0.8574572444960992,False
2013-05-21,32268,3297,35565,0.09270350063264446,0.4677521872595554,False,0.7629390757789711,False
2013-05-22,31648,3447,35095,0.09821911953269696,0.7637978753985145,False,0.6640200783676287,False
2013-05-23,28999,3045,32044,0.09502558981400575,-0.026872141811816543,False,0.02127279423368185,False
2013-05-24,25020,2804,27824,0.10077630822311673,-0.458617886921669,False,-0.8940709961098401,False
2013-05-25,21167,1997,23164,0.08621136245898808,-1.9061305925181866,False,-1.9007180119613485,False
2013-05-26,24314,2146,26460,0.08110355253212397,-1.639200650520809,False,-1.2070222343703172,False
2013-05-27,30337,2940,33277,0.08834931033446525,-0.2167686106153201,False,0.09797190062761685,False
2013-05-28,32360,3427,35787,0.09576103054181687,0.6556802602083236,False,0.6262414399945734,False
2013-05-29,30865,3302,34167,0.09664295958088213,0.4317457451098524,False,0.2852865978533505,False
2013-05-30,28708,3075,31783,0.09674983481735519,0.028399610925330325,False,-0.22631555211538315,False
2013-05-31,24914,2840,27754,0.10232759241911075,-0.4483081438927144,False,-1.2291674031273994,False
2013-06-01,22308,2154,24462,0.08805494235957811,-1.8398890792339002,False,-1.953553205328509,False
2013-06-02,29683,2663,32346,0.08232857231187782,-0.8073603677343907,False,-0.2187240241154019,False
2013-06-03,32690,3527,36217,0.09738520584256012,0.945301335085995,False,0.6330674219114801,False
2013-06-04,34283,3619,37902,0.09548308796369585,0.9996436753995753,False,1.0038420503163616,False
2013-06-05,33886,3650,37536,0.09723998294970163,1.0551794351439963,False,0.9233058402296039,False
2013-06-06,30092,3311,33403,0.09912283327844805,0.5071359093808986,False,0.01370849837794193,False
2013-06-07,27762,3047,30809,0.09889967217371547,-0.13489815189531904,False,-0.6424498644583103,False
2013-06-08,25064,2233,27297,0.08180386123017182,-1.786132672839525,False,-1.406644250225486,False
2013-06-09,31460,2711,34171,0.0793362793011618,-0.8164888141032468,False,0.08910523945662255,False
2013-06-10,35254,3534,38788,0.09111065277921007,0.8530025995786715,False,1.1438352909949752,False
2013-06-11,33234,3391,36625,0.09258703071672356,0.3075493701913758,False,0.5399625194422683,False
2013-06-12,33044,3523,36567,0.0963436978696639,0.5275938184002668,False,0.4928403876057974,False
2013-06-13,30818,3302,34120,0.09677608440797186,0.22674182496466314,False,-0.005185652933339317,False
2013-06-14,27125,2982,30107,0.09904673331783306,-0.33790707767107386,False,-0.8911188687801131,False
2013-06-15,24119,2183,26302,0.082997490685119,-1.7477648064396796,False,-1.6648996300097643,False
2013-06-16,29122,2560,31682,0.08080297960987311,-1.082537818021952,False,-0.5708285405444495,False
2013-06-17,35618,3592,39210,0.09160928334608519,0.7341336354771263,False,0.9600575489527418,False
2013-06-18,35429,3411,38840,0.08782183316168898,0.48141714613280645,False,0.8581648642393935,False
2013-06-19,34417,3296,37713,0.0873969188343542,0.24830989642639492,False,0.6358822161130325,False
2013-06-20,31655,3152,34807,0.09055649725629902,-0.0490331405874786,False,0.06466814246281971,False
2013-06-21,27661,2807,30468,0.0921294472889589,-0.5929032220793511,False,-0.7930776646992878,False
2013-06-22,25455,2312,27767,0.08326430655094176,-1.5476294360943064,False,-1.3181935994190066,False
2013-06-23,30668,2666,33334,0.07997840043199136,-0.8300645109110916,False,-0.22649711504447376,False
2013-06-24,34431,3442,37873,0.09088268687455443,0.7429026697165203,False,0.6686077175273881,False
2013-06-25,34625,3561,38186,0.09325407217304771,1.1072367328009702,False,0.729987455197449,False
2013-06-26,33125,3195,36320,0.08796806167400881,0.26755733031519713,False,0.349213440693941,False
2013-06-27,31998,2997,34995,0.0856408058294042,-0.15805231229526184,False,0.09326616940795066,False
2013-06-28,28472,2999,31471,0.09529408026437038,-0.1499986912865861,False,-0.6018870387004154,False
2013-06-29,25249,2179,27428,0.07944436342423801,-1.8070312138216245,False,-1.3326642727394,False
2013-06-30,29452,2611,32063,0.0814334279387456,-0.9372401448846419,False,-0.5061021284670705,False
2013-07-01,35048,3302,38350,0.08610169491525424,0.45402288436409616,False,0.6150621004520529,False
2013-07-02,35629,3574,39203,0.09116649236027854,1.001669112954048,False,0.7671780678877157,False
2013-07-03,32491,3299,35790,0.0921765856384465,0.44798266860758934,False,0.1642013514546979,False
2013-07-04,28263,2673,30936,0.08640418929402638,-0.8124090192501676,False,-0.7323491096939002,False
2013-07-05,26797,2817,29614,0.09512392787195245,-0.4932842867813905,False,-1.0515166409804222,False
2013-07-06,24795,2177,26972,0.08071333234465372,-1.9258221236995918,False,-1.5993970071799206,False
2013-07-07,29542,2609,32151,0.08114833131162327,-1.0560310547626095,False,-0.6056025140563682,False
2013-07-08,36054,3393,39447,0.08601414556240018,0.5224786629378402,False,0.7944215488572131,False
2013-07-09,37101,3437,40538,0.08478464650451428,0.66734456561091,False,0.9661836551850673,False
2013-07-10,35795,3547,39342,0.09015810075746022,0.9092157426033322,False,0.7332804026641685,False
2013-07-11,32485,3148,35633,0.08834507338702888,0.03188301878536473,False,0.05924396809628722,False
2013-07-12,28779,3005,31784,0.09454442486785804,-0.32762550338064444,False,-0.6982065197114586,False
2013-07-13,25505,2351,27856,0.08439833429063756,-1.6716545674682282,False,-1.34258824161218,False
2013-07-14,29530,2515,32045,0.07848338274301764,-1.330245664523285,False,-0.6187655718421128,False
2013-07-15,36597,3539,40136,0.08817520430536177,0.8014782172792875,False,0.776264823094301,False
2013-07-16,35493,3438,38931,0.08831008707713647,0.5912202953436823,False,0.5543470929448266,False
2013-07-17,33802,3325,37127,0.08955746491771487,0.35598123416820304,False,0.2501517604208823,False
2013-07-18,32500,3119,35619,0.08756562508773408,-0.06852591170299226,False,-0.004096182340503584,False
2013-07-19,29950,3160,33110,0.09543944427665357,-0.04892139767808638,False,-0.48343311173739234,False
2013-07-20,25705,2298,28003,0.0820626361461272,-1.9048118670403846,False,-1.3700499878543702,False
2013-07-21,30496,2596,33092,0.07844796325395866,-1.284446909250183,False,-0.4983634981136826,False
2013-07-22,38003,3523,41526,0.08483841448730915,0.6453460970300756,False,0.9462825727200685,False
2013-07-23,36566,3551,40117,0.08851609043547623,0.7036354219231148,False,0.7049372663642759,False
2013-07-24,33776,3481,37257,0.09343210671820061,0.557912109690517,False,0.21505254232058035,False
2013-07-25,32447,3207,35654,0.08994783194031525,-0.01358035086194487,False,-0.06315116231122642,False
2013-07-26,27026,2731,29757,0.09177672480424774,-1.2244949693853624,False,-1.1348127569854771,False
2013-07-27,26465,2347,28812,0.08145911425794808,-2.093637424549834,False,-1.4120262983932392,False
2013-07-28,33428,2921,36349,0.08035984483754711,-0.7944505254237748,False,0.06824941076453865,False
2013-07-29,37398,3376,40774,0.0827978613822534,0.23539274827371107,False,0.8793900149165553,False
2013-07-30,36605,3634,40239,0.09031039538755933,0.8567215962474648,False,0.8360232813987779,False
2013-07-31,36318,3717,40035,0.09284376170850506,1.0835681876068046,False,0.8190136158196273,False
2013-08-01,32929,3503,36432,0.09615173473869126,0.5283916780015204,False,0.13178129085581705,False
2013-08-02,29711,3219,32930,0.09775280898876404,-0.1631439743138335,False,-0.579309742390826,False
2013-08-03,25767,2390,28157,0.08488120183258159,-2.1817462833611168,False,-1.356541578893259,False
2013-08-04,31297,2663,33960,0.07841578327444051,-1.5169954626495266,False,-0.32428210048812106,False
2013-08-05,36531,3524,40055,0.08797902883535139,0.5795263565177966,False,0.7599194367993709,False
2013-08-06,36037,3572,39609,0.09018152440101997,0.7245234073626525,False,0.806837415862488,False
2013-08-07,35070,3490,38560,0.09050829875518672,0.5167929199369969,False,0.6025230044588067,False
2013-08-08,31677,3353,35030,0.09571795603768199,0.20675024226151073,False,-0.08501738853928208,False
2013-08-09,29051,3083,32134,0.09594199290471152,-0.48241723194352504,False,-0.588304747039866,False
2013-08-10,24313,2247,26560,0.08460090361445784,-2.754394535711196,False,-1.7920738333168245,False
2013-08-11,28283,2592,30875,0.08395141700404858,-1.8273056432035248,False,-0.8923357926207865,False
2013-08-12,34509,3536,38045,0.09294256801156525,0.7094245438319567,False,0.7402248075251296,False
2013-08-13,33433,3460,36893,0.09378472881034343,0.47986475981683974,False,0.5000166446324679,False
2013-08-14,32435,3477,35912,0.09682000445533527,0.5232567859704902,False,0.29546438091918553,False
2013-08-15,30163,3153,33316,0.09463921239044303,-0.3037441830755528,False,-0.26013235375299504,False
2013-08-16,26415,3009,29424,0.10226345840130506,-0.4337324774835871,False,-0.8786781236368723,False
2013-08-17,23472,2083,25555,0.08151046761886128,-2.620773359710149,False,-1.574331160510921,False
2013-08-18,27725,2537,30262,0.08383451192915208,-1.5082618072946208,False,-0.6575457129636112,False
2013-08-19,31862,3417,35279,0.0968564868618725,0.6481482502508971,False,0.4164647102480572,False
2013-08-20,34260,3540,37800,0.09365079365079365,1.035321874219297,False,0.9320749435389104,False
2013-08-21,32665,3325,35990,0.09238677410391775,0.48469898732950134,False,0.5795400678090122,False
2013-08-22,29561,3152,32713,0.0963531317824718,0.07363902279095738,False,-0.05872335084672061,False
2013-08-23,27544,3071,30615,0.1003103054058468,-0.09925259593563822,False,-0.4581005677992931,False
2013-08-24,23389,2293,25682,0.089284323650806,-1.7950845845563814,False,-1.4189041821504467,False
2013-08-25,28514,2555,31069,0.08223631272329332,-1.23585490423085,False,-0.3696746928924568,False
2013-08-26,33447,3453,36900,0.09357723577235773,0.6808941527627654,False,0.8200223051070941,False
2013-08-27,33279,3532,36811,0.09594958028850072,0.8495168426319142,False,0.8014659905496235,False
2013-08-28,32444,3459,35903,0.09634292398963874,0.7801467486984036,False,0.6121498824801496,False
2013-08-29,26448,2734,29182,0.09368788979507915,-0.668087366190425,False,-0.7891646134834353,False
2013-08-30,25932,2930,28862,0.10151756635021827,-0.24973233816063808,False,-0.8262772425983762,False
2013-08-31,22092,2048,24140,0.08483844241922121,-2.2059689870856363,False,-1.9302915383653445,False
2013-09-01,24264,2223,26487,0.08392796466190962,-1.832437712059041,False,-1.4086571986366785,False
2013-09-02,31025,2886,33911,0.0851051281295155,-0.4172877958154252,False,0.24782101490030697,False
2013-09-03,33128,3556,36684,0.09693599389379566,0.9351230544094796,False,0.8576850945943425,False
2013-09-04,32355,3564,35919,0.09922325231771485,0.9707435986501334,False,0.6876594150492085,False
2013-09-05,29907,3314,33221,0.09975617832094158,0.46776764080032335,False,0.0885898310954334,False
2013-09-06,27160,3116,30276,0.1029198044655833,0.06941068218327379,False,-0.49160644907124973,False
2013-09-07,23922,2182,26104,0.08358872203493717,-1.7614218043900347,False,-1.326080374253005,False
2013-09-08,28475,2614,31089,0.08408118627167165,-0.892279349225563,False,-0.28824213488551464,False
2013-09-09,32704,3155,35859,0.08798349089489389,0.1961606235614259,False,0.7048347762043408,False
2013-09-10,30906,3019,33925,0.08899042004421517,-0.07408814333765738,False,0.302191013930173,False
2013-09-11,30476,3023,33499,0.09024149974626108,-0.06899905471295044,False,0.2274174827694389,False
2013-09-12,29671,3266,32937,0.09915900051613687,0.41699428717826564,False,0.10278693638579711,False
2013-09-13,27321,3092,30413,0.10166705027455364,-0.0239996712045045,False,-0.5347395959605711,False
2013-09-14,24074,2160,26234,0.08233589997712892,-1.887974134754354,False,-1.6192709094860391,False
2013-09-15,28698,2604,31302,0.08318957255127468,-0.9999863001876874,False,-0.3040269044735788,False
2013-09-16,35875,3565,39440,0.09039046653144016,0.9219873687730479,False,2.0044107394235686,False
2013-09-17,33183,3487,36670,0.09509135533133352,0.6764151268360149,False,1.0352017818939496,False
2013-09-18,31268,3334,34602,0.09635281197618635,0.38198692084480496,False,0.5250630269894607,False
2013-09-19,28840,3170,32010,0.09903155263980007,0.06899905471295044,False,-0.12610991005139247,False
2013-09-20,25591,2888,28479,0.101408055058113,-0.4949932185929053,False,-0.9922822911702875,False
2013-09-21,22984,2062,25046,0.08232851553142219,-2.1229709152984606,False,-1.926339079102176,False
2013-09-22,27578,2339,29917,0.07818297289166695,-1.5689785049944815,False,-0.6010286759515122,False
2013-09-23,32988,3473,36461,0.09525246153424206,0.6989904238311936,False,1.1794745632638324,False
2013-09-24,31665,3450,35115,0.09824861170439983,0.6423721518824717,False,0.813252472801752,False
2013-09-25,30591,3524,34115,0.10329766964678294,0.7115506913159686,False,0.49065086242989775,False
2013-09-26,28253,3158,31411,0.10053802807933526,-0.11859178188599477,False,-0.15579418285439042,False
2013-09-27,24644,2846,27490,0.10352855583848672,-0.6285364439957722,False,-0.9939233078186042,False
2013-09-28,21841,1999,23840,0.0838506711409396,-2.3026570982863985,False,-1.7681024330222064,False
2013-09-29,27117,2455,29572,0.08301771946435818,-1.4013595559528382,False,-0.5338866203103648,False
2013-09-30,32835,3706,36541,0.10142032237760323,1.0712790963701528,False,0.8842535449467583,False
2013-10-01,32346,3550,35896,0.09889681301537775,0.7629404634665663,False,0.7572141114929976,False
2013-10-02,31096,3434,34530,0.09944975383724297,0.5535334500263851,False,0.5336713000359908,False
2013-10-03,28932,3310,32242,0.1026611252403697,0.2993180877920453,False,0.041018512268249444,False
2013-10-04,27037,3062,30099,0.10173095451676135,-0.21116276056562097,False,-0.4041561550000221,False
2013-10-05,23860,2296,26156,0.08778100627007188,-1.7815576595293654,False,-1.2531639968567547,False
2013-10-06,28274,2508,30782,0.08147618738223637,-1.3469313950642037,False,-0.25709240760257135,False
2013-10-07,33376,3498,36874,0.09486358952107175,0.6826912550325416,False,1.054638703883915,False
2013-10-08,32707,3427,36134,0.09484142358997066,0.5371324589144922,False,0.8953017008471453,False
2013-10-09,31779,3399,35178,0.09662288930581614,0.5988566190130138,False,0.6639672313716264,False
2013-10-10,29083,3010,32093,0.09378992303617611,-0.21863557843649764,False,0.022231261034935317,False
2013-10-11,25915,2998,28913,0.10369038148929548,-0.12243592392443868,False,-0.582003013247922,False
2013-10-12,22207,1981,24188,0.08190011575988093,-2.4616618534639003,False,-1.6149209237733375,False
2013-10-13,25625,2283,27908,0.08180450050164827,-1.7688176039335202,False,-0.8435411296751331,False
2013-10-14,32788,3443,36231,0.09502911871049653,0.892438453865291,False,0.8823174795397472,False
2013-10-15,31034,3288,34322,0.09579861313443272,0.5368395840732084,False,0.4864669346651579,False
2013-10-16,31216,3353,34569,0.0969944169631751,0.6859616907602107,False,0.537684894112001,False
2013-10-17,28687,3172,31859,0.0995637025644245,0.3074209584008971,False,0.102746959133242,False
2013-10-18,24126,2903,27029,0.10740315956935144,-0.2684197920366042,False,-0.7212809135779014,False
2013-10-19,22325,1992,24317,0.08191799975325904,-2.230668786242857,False,-1.1163748379129403,False
2013-10-20,27239,2404,29643,0.0810984043450393,-1.3225309009345003,False,-0.20275892108375776,False
2013-10-21,32190,3388,35578,0.09522738771150711,0.8464197765980802,False,0.81540992501831,False
2013-10-22,31082,3046,34128,0.08925222691045476,0.09635582278237075,False,0.5672195567825196,False
2013-10-23,31821,3182,35003,0.09090649372910893,0.3923508339439018,False,0.793960036192113,False
2013-10-24,27933,2935,30868,0.09508228586238175,-0.15209105360746755,False,0.040377290341228673,False
2013-10-25,25019,2714,27733,0.09786175314607147,-0.5565650874766023,False,-0.44719036620273733,False
2013-10-26,23070,1962,25032,0.07837967401725791,-2.109436786990528,False,-0.9604094777870134,False
2013-10-27,25856,2284,28140,0.08116560056858564,-1.3996785368223463,False,-0.36985597952565463,False
2013-10-28,31828,3382,35210,0.09605225788128373,1.0205530118877895,False,1.1014353485827366,False
2013-10-29,31208,3232,34440,0.09384436701509873,0.7223801803804082,False,0.9572601536695541,False
2013-10-30,27751,3030,30781,0.0984373477144992,0.24466821667288258,False,0.14486897555481534,False
2013-10-31,23125,2715,25840,0.10506965944272446,-0.4598032245053481,False,-0.8592245418081181,False
2013-11-01,21590,2519,24109,0.10448380272927123,-0.7561959893212955,False,-0.977288246069283,False
2013-11-02,19963,1885,21848,0.08627792017575979,-2.0589717920864485,False,-1.479144572583435,False
2013-11-03,25058,2137,27195,0.0785806214377643,-1.490979573579842,False,-0.363789047325555,False
2013-11-04,29164,3084,32248,0.0956338377573803,0.6434991205699847,False,0.8469985244641147,False
2013-11-05,28027,3132,31159,0.10051670464392311,0.7516881145712431,False,0.6198389645228708,False
2013-11-06,27465,3065,30530,0.1003930560104815,0.6006743104444866,False,0.5150756655497716,False
2013-11-07,25444,2791,28235,0.09884894634319108,-0.01690453031269662,False,0.011157343226584807,False
2013-11-08,23042,2703,25745,0.10499126043892018,-0.11269686875131081,False,-0.5402503036030538,False
2013-11-09,20942,1989,22931,0.0867384762984606,-1.7220081545200292,False,-1.1244810901265876,False
2013-11-10,24187,2235,26422,0.08458860040875028,-1.1675395602635799,False,-0.35686992750791,False
2013-11-11,28075,3012,31087,0.09688937497989514,0.5837697801317899,False,0.6955995167413883,False
2013-11-12,28466,3096,31562,0.09809264305177112,0.7731005196339922,False,0.8000438886244797,False
2013-11-13,28270,3017,31287,0.09642982708473168,0.6280972151739722,False,0.7900573461603789,False
2013-11-14,25091,2806,27897,0.1005842922178012,0.23077814345407313,False,0.082446894158553,False
2013-11-15,22311,2607,24918,0.10462316397784734,-0.18349707388893358,False,-0.6172946947255762,False
2013-11-16,20074,1899,21973,0.08642424794065444,-1.758235598899418,False,-1.3090499747738342,False
2013-11-17,25706,2244,27950,0.08028622540250448,-0.9908841990002413,False,0.09489614028505815,False
2013-11-18,29181,3019,32200,0.09375776397515528,0.7328761920776196,False,1.0608871722709532,False
2013-11-19,27484,2971,30455,0.09755376785421113,0.5887415466439118,False,0.6510016158416798,False
2013-11-20,27008,2830,29838,0.09484549902808499,0.2938479122680981,False,0.5045799796153904,False
2013-11-21,24015,2642,26657,0.09911092771129534,-0.09805144935007887,False,-0.24040443215372395,False
2013-11-22,21778,2395,24173,0.0990774831423489,-0.5449596342825436,False,-0.7668819416340663,False
2013-11-23,20396,1882,22278,0.08447796031959781,-1.6039152872633955,False,-1.210687493442451,False
2013-11-24,24579,2231,26810,0.08321521820216338,-0.8834951646701843,False,-0.14930133998830883,False
2013-11-25,27763,2980,30743,0.09693263507139836,0.6713535931534482,False,0.7718001034219165,False
2013-11-26,26445,2867,29312,0.09780977074235808,0.43502039680971105,False,0.4406405119285605,False
2013-11-27,24438,2676,27114,0.09869440141624253,0.038030988096524436,False,-0.08331981416258709,False
2013-11-28,19310,1965,21275,0.09236192714453584,-1.5385261695209764,False,-1.6136799274687148,False
2013-11-29,21243,2262,23505,0.09623484365028717,-0.8036249804774553,False,-1.0041546539339543,False
2013-11-30,19839,1777,21616,0.08220762398223538,-1.7757340947929425,False,-1.5257923615479236,False
2013-12-01,25216,2254,27470,0.08205314888969785,-0.7182744653095049,False,0.033018892291787526,False
2013-12-02,30215,3336,33551,0.09943071741527823,1.7954837425224202,False,1.6936827775960852,False
2013-12-03,27212,2967,30179,0.09831339673282746,0.9312401257724775,False,0.814348302068803,False
2013-12-04,26719,2890,29609,0.09760545779999324,0.8412604527537753,False,0.7134292157420273,False
2013-12-05,24911,2514,27425,0.09166818596171376,-0.08770850535318363,False,0.07231367383575796,False
2013-12-06,23582,2717,26299,0.10331191300049432,0.4768377896666039,False,-0.27491531012613313,False
2013-12-07,20793,1932,22725,0.08501650165016501,-1.5431827231309927,False,-1.4988497071125833,False
2013-12-08,24948,2319,27267,0.08504786005061063,-0.5343791524355633,False,0.025677304354296857,False
2013-12-09,27321,2806,30127,0.0931390447107246,0.7350971755455066,False,0.8839192748869895,False
2013-12-10,25577,2733,28310,0.09653832567997174,0.661351329097181,False,0.48267139699686284,False
2013-12-11,25992,2758,28750,0.0959304347826087,0.7494341771962169,False,0.689954793655081,False
2013-12-12,22879,2442,25321,0.09644168871687532,0.07461442993331957,False,-0.10864280689555895,False
2013-12-13,21331,2353,23684,0.09934977199797332,-0.14988683543924336,False,-0.69049978164375,False
2013-12-14,19481,1802,21283,0.0846685147770521,-1.9519353796974195,False,-1.6555613866434336,False
2013-12-15,23012,2235,25247,0.08852536935081395,-0.6876301898560094,False,-0.4623531436153298,False
2013-12-16,25902,2696,28598,0.09427232673613539,0.6584314556795334,False,0.546335257592333,False
2013-12-17,26154,2585,28739,0.08994745815790389,0.33798333461737484,False,0.5887778313226465,False
2013-12-18,25402,2622,28024,0.09356266057664858,0.6243098276993431,False,0.543626157141462,False
2013-12-19,23603,2534,26137,0.09695068293989363,0.4959056787399037,False,-0.027187734022196673,False
2013-12-20,21656,2499,24155,0.10345684123369903,0.385009746825696,False,-0.6056471977367642,False
2013-12-21,19525,1821,21346,0.08530872294575097,-1.4206665272067416,False,-1.5723928216568634,False
2013-12-22,20514,1824,22338,0.0816545796400752,-1.4128463444881723,False,-1.5581543877789028,False
2013-12-23,22678,2379,25057,0.09494352875443987,-0.0821119185449768,False,-0.9130212239269689,False
2013-12-24,17046,1776,18822,0.09435766656040803,-1.6365750932615666,False,-2.743467311124606,False
2013-12-25,17685,1538,19223,0.08000832336263851,-1.9137989842059488,False,-2.4199652673206855,False
2013-12-26,26366,2353,28719,0.08193182213865385,-0.1143204677078975,False,0.10451660838072573,False
2013-12-27,27148,2545,29693,0.08571043680328697,0.19901467085461125,False,0.24056565787917178,False
2013-12-28,23992,2005,25997,0.07712428357118128,-0.939687195874839,False,-0.6353072762937625,False
2013-12-29,27431,2172,29603,0.07337094213424315,-0.6590014100940429,False,0.18434553033637407,False
2013-12-30,29610,2770,32380,0.08554663372452131,0.4173694498237723,False,0.7814315367435526,False
2013-12-31,21073,2113,23186,0.09113258000517553,-0.7155977833750444,False,-1.5026923936348073,False
2014-01-01,26847,2172,29019,0.07484751369792206,-0.5373991416967994,False,-0.21613395432329802,False
2014-01-02,32248,3115,35363,0.08808641800752198,0.8415597443442396,False,0.8755608321349361,False
2014-01-03,31530,3060,34590,0.08846487424111014,0.7253060524669728,False,0.24124042376489324,False
2014-01-04,27976,2349,30325,0.07746084089035449,-0.47890671811075325,False,-0.8099951526275354,False
2014-01-05,32307,2512,34819,0.07214451879720842,-0.24055009199761498,False,0.04139491073537983,False
2014-01-06,36241,3631,39872,0.0910664125200642,1.2795217659447604,False,1.1258614166113616,False
2014-01-07,38689,3610,42299,0.08534480720584411,1.1406022599279009,False,1.4193707826803237,False
2014-01-08,38576,3772,42348,0.08907150278643619,1.3183792404729526,False,1.5734221182937558,False
2014-01-09,36876,3669,40545,0.09049204587495376,1.0233956337524854,False,0.9727764861480324,False
2014-01-10,33882,3353,37235,0.09004968443668591,0.29566718223631566,False,0.013108976811474413,False
2014-01-11,32028,2583,34611,0.07462945306405477,-1.2046677752426076,False,-0.5713438272895744,False
2014-01-12,36119,2890,39009,0.07408546745622804,-0.6643711981798165,False,0.3567168219864672,False
2014-01-13,40334,3824,44158,0.08659812491507768,0.9205496202298596,False,1.2441278024467972,False
2014-01-14,40213,3977,44190,0.08999773704458022,1.092584050605251,False,1.0901567082786643,False
2014-01-15,38392,3797,42189,0.08999976297139065,0.6846103207733738,False,0.6756773478948751,False
2014-01-16,36317,3647,39964,0.09125713141827645,0.24462939482647547,False,0.07526360824518931,False
2014-01-17,31945,3255,35200,0.0924715909090909,-0.4841025876527052,False,-1.0014806250283297,False
2014-01-18,30204,2419,32623,0.07415013947215154,-2.083745920765992,False,-1.3803989902641394,False
2014-01-19,34377,2742,37119,0.07387052452921684,-1.3481015571012964,False,-0.4948005513047258,False
2014-01-20,39720,3770,43490,0.08668659461945274,0.3998112646671221,False,0.6421265180264416,False
2014-01-21,38932,3724,42656,0.08730307576894224,0.3801435200181202,False,0.5867877557073161,False
2014-01-22,37467,3579,41046,0.08719485455342786,0.1497696447938648,False,0.3094170561191116,False
2014-01-23,35927,3463,39390,0.08791571464838792,-0.1174161863692332,False,-0.06982104525510652,False
2014-01-24,31683,3280,34963,0.0938134599433687,-0.6054483982703295,False,-1.1468167502877078,False
2014-01-25,30474,2456,32930,0.07458244761615548,-2.947577728421341,False,-1.842837692708822,False
2014-01-26,35491,2811,38302,0.07339042347658085,-2.004883950412714,False,-0.49791510199445055,False
2014-01-27,37496,3553,41049,0.0865550926940973,-0.03452118060313283,False,0.09809130924448095,False
2014-01-28,38331,3653,41984,0.0870093368902439,0.2310263624978889,False,0.3094170561191116,False
2014-01-29,37675,3624,41299,0.08775030872418219,0.1540175749985926,False,0.15459551963876722,False
2014-01-30,33017,3350,36367,0.09211647922567162,-0.5958691372063172,False,-0.9972978580774717,False
2014-01-31,30166,3071,33237,0.09239702740921263,-1.3655334394311436,False,-1.7321241988925582,False
2014-02-01,29320,2441,31761,0.07685526274361638,-3.090843602489489,False,-2.0786429461906626,False
2014-02-02,32802,2671,35473,0.07529670453584417,-2.45893779931386,False,-1.2071811643677872,False
2014-02-03,37475,3755,41230,0.09107446034440941,0.5192617252182342,False,0.13005543724035304,False
2014-02-04,38507,3821,42328,0.09027121527121527,0.7413583778729819,False,0.36242241875263725,False
2014-02-05,37850,3671,41521,0.08841309217022711,0.30526521441828663,False,0.1982766476592457,False
2014-02-06,41320,3814,45134,0.0845039216555147,0.6555933890602251,False,1.0360283112791049,False
2014-02-07,38394,3657,42051,0.08696582720981665,0.08721863269093903,False,0.3613187034055349,False
2014-02-08,32128,2703,34831,0.07760328443053602,-2.5386128788447,False,-1.2187667227531338,False
2014-02-09,37114,3070,40184,0.07639856659366913,-1.5303110102992403,False,-0.047271253746575134,False
2014-02-10,40642,3897,44539,0.08749635151215789,0.7418024645974775,False,0.8214557167790577,False
2014-02-11,40875,3946,44821,0.08803908881997279,0.8599413756259645,False,0.8774234655424533,False
2014-02-12,39298,3869,43167,0.08962865151620451,0.6063993113770532,False,0.49998417560022473,False
2014-02-13,36489,3630,40119,0.09048081956180364,-0.04046944556859571,False,-0.04620193879283887,False
2014-02-14,31049,3384,34433,0.09827781488688177,-0.6867542278307152,False,-1.1695017443235647,False
2014-02-15,30704,2642,33346,0.0792298926407965,-2.50665293158211,False,-1.3653797714544915,False
2014-02-16,34614,2909,37523,0.07752578418569944,-1.851783721472107,False,-0.6126819615870756,False
2014-02-17,40534,3786,44320,0.08542418772563178,0.2992286278405259,False,0.6121413598562634,False
2014-02-18,39589,3809,43398,0.08776902161389925,0.3556405822694775,False,0.4197772439756154,False
2014-02-19,36923,3693,40616,0.09092475871577703,0.0711281164538955,False,-0.08154076106416225,False
2014-02-20,35709,3636,39345,0.09241326725123904,-0.08871885200535316,False,-0.3269485953365128,False
2014-02-21,32477,3253,35730,0.09104394066610691,-0.7745172802697229,False,-0.9213258506251695,False
2014-02-22,29590,2514,32104,0.07830799900323947,-1.8226867160718134,False,-1.5424248384058823,False
2014-02-23,36365,2852,39217,0.07272356376061402,-1.3199791599459276,False,-0.640687425853294,False
2014-02-24,41533,4027,45560,0.08838893766461808,0.3413354560085526,False,0.2680627995022637,False
2014-02-25,52783,4520,57303,0.07887894176570162,0.9425910516863444,False,2.0144071465963225,False
2014-02-26,57775,4952,62727,0.07894527077653961,1.5061887462586638,False,2.8258669145785276,False
2014-02-27,44170,3996,48166,0.08296308599426981,0.23193835557575426,False,0.4530156875538155,False
2014-02-28,32821,3374,36195,0.09321729520652024,-0.5667007680314399,False,-1.1585031501169123,False
2014-03-01,31668,2735,34403,0.07949888091154841,-1.4225941960376867,False,-1.5648951925369565,False
2014-03-02,37224,3122,40346,0.0773806573142319,-0.9704020368043522,False,-0.9099877961589874,False
2014-03-03,41063,4108,45171,0.09094330433242567,0.14547267138126654,False,-0.4101863118592675,False
2014-03-04,41149,4152,45301,0.09165360588066489,0.15459372219651163,False,-0.37820175285588614,False
2014-03-05,65108,5509,70617,0.07801237662319271,1.5860985804005088,False,2.501387522063369,False
2014-03-06,60567,4946,65513,0.07549646635019004,0.8978539310487792,False,1.3815254794724816,False
2014-03-07,55712,4934,60646,0.08135738548296673,0.6662384255515145,False,0.572423904412254,False
2014-03-08,44819,3520,48339,0.07281904880117504,-1.0320918962300918,False,-0.8978101347388124,False
2014-03-09,52150,3909,56059,0.06973010578140887,-0.6040708433159067,False,-0.0005811068833260922,False
2014-03-10,60781,5218,65999,0.07906180396672677,0.8362365044081768,False,1.1546593771689453,False
2014-03-11,56408,4703,61111,0.07695832174240316,0.20960928169704957,False,0.5142795917435916,False
2014-03-12,61442,5181,66623,0.07776593668853099,0.7250264465226979,False,1.3045198560020723,False
2014-03-13,56848,4914,61762,0.07956348563841845,0.4448367229010754,False,0.6564594553862242,False
2014-03-14,48345,4505,52850,0.08524124881740776,-0.17365620299957116,False,-0.6015989627194023,False
2014-03-15,44531,3426,47957,0.07143899743520236,-1.5314463699310006,False,-1.2539255498852826,False
2014-03-16,53636,3971,57607,0.06893259499713576,-0.8456302059109552,False,0.03259633160884074,False
2014-03-17,59345,5291,64636,0.08185840707964602,0.8154291271284211,False,1.008046137371555,False
2014-03-18,59348,4973,64321,0.07731534024657577,0.36052537796650097,False,0.7199141624495142,False
2014-03-19,58027,5094,63121,0.08070214350216251,0.4366935521820561,False,0.3107917045515518,False
2014-03-20,51453,4616,56069,0.08232713264013983,-0.16313264880364164,False,-0.6665563893158031,False
2014-03-21,47047,4411,51458,0.08572039333048312,-0.4307996271204183,False,-1.3232702170426733,False
2014-03-22,43169,3356,46525,0.07213326168726492,-1.9471280491640026,False,-1.8271015509872326,False
2014-03-23,51075,3805,54880,0.06933309037900874,-1.318163664937645,False,-0.6180540728866205,False
2014-03-24,58056,5145,63201,0.08140693976361134,0.5589238069183,False,0.5499682753466638,False
2014-03-25,57227,4789,62016,0.07722200722394221,0.06023489648492958,False,0.37848757378481757,False
2014-03-26,59631,5330,64961,0.08204922953772263,0.6725618059223246,False,0.7706386948311722,False
2014-03-27,52448,4670,57118,0.08176056584614307,-0.17617775795670837,False,-0.3163353692927166,False
2014-03-28,46935,4505,51440,0.08757776049766719,-0.3883626489264666,False,-1.1298190526954552,False
2014-03-29,41306,3268,44574,0.0733162830349531,-1.9791063466815633,False,-1.978636577205082,False
2014-03-30,50871,3988,54859,0.0726954556225961,-1.0532086406317092,False,-0.591763834058984,False
2014-03-31,57513,5247,62760,0.08360420650095603,0.5658263759193554,False,0.44056695354003544,False
2014-04-01,56594,5333,61927,0.08611752547354143,0.7300044022318706,False,0.33608516783217796,False
2014-04-02,60798,5392,66190,0.08146245656443571,0.8118870252959016,False,0.819361696879486,False
2014-04-03,55534,5161,60695,0.08503171595683334,0.468635385387075,False,0.17083558606165733,False
2014-04-04,51233,4825,56058,0.08607156873238432,-0.03772912000997638,False,-0.3764283949869817,False
2014-04-05,43267,3566,46833,0.07614289069673094,-1.6556851340822045,False,-1.4651733217011709,False
2014-04-06,53865,4241,58106,0.07298729907410595,-0.7876560346604663,False,-0.13472112019991836,False
2014-04-07,62831,5470,68301,0.08008667515848962,0.7927999108051876,False,1.0229503460794631,False
2014-04-08,62562,5625,68187,0.08249373047648378,0.9921251114131424,False,1.0100695442400573,False
2014-04-09,63231,5560,68791,0.0808245264642177,0.7864840656936284,False,1.033475566037551,False
2014-04-10,55394,4995,60389,0.08271373925714948,0.07129790067432672,False,0.11551855993136287,False
2014-04-11,49021,4590,53611,0.08561675775493835,-0.523692544776028,False,-0.6142268063980788,False
2014-04-12,39872,3230,43102,0.07493851793420259,-2.239889799945662,False,-1.6898326428626294,False
2014-04-13,49897,3914,53811,0.07273605768337328,-1.376743533375052,False,-0.5982732272088671,False
2014-04-14,60614,5454,66068,0.08255131077072107,0.5665974761552689,False,0.6510725340823986,False
2014-04-15,63295,5392,68687,0.0785010263950966,0.4711695377571162,False,0.8810763298489365,False
2014-04-16,58310,5501,63811,0.08620770713513344,0.5803077479625173,False,0.3937647548875413,False
2014-04-17,51028,4882,55910,0.08731890538365229,-0.14975155851195165,False,-0.36188792722966945,False
2014-04-18,46583,4370,50953,0.08576531313170961,-0.7731076394722707,False,-0.7879856471437704,False
2014-04-19,38744,3068,41812,0.07337606428776428,-2.358282673476832,False,-1.6653275229709574,False
2014-04-20,44648,3549,48197,0.07363528850343383,-1.7726688552309073,False,-1.0525031189498888,False
2014-04-21,59568,5224,64792,0.08062723793060872,0.26663082369201146,False,0.5402644589247605,False
2014-04-22,60826,5545,66371,0.08354552440071718,0.6814312630820606,False,0.7270691134418511,False
2014-04-23,61293,5534,66827,0.08281083992996843,0.6675502558711297,False,0.7730657166229671,False
2014-04-24,53957,5015,58972,0.08504035813606457,0.013160795306860394,False,-0.019951639315476177,False
2014-04-25,47750,4566,52316,0.08727731477941739,-0.6198734589531245,False,-0.7152297088642167,False
2014-04-26,42935,3533,46468,0.07603081690625807,-1.9793836141518033,False,-1.2805413977725166,False
2014-04-27,52826,4203,57029,0.073699345946799,-1.0976103285921568,False,-0.2152560333081174,False
2014-04-28,61150,5605,66755,0.08396374803385515,0.7475331734296704,False,0.7286707713904391,False
2014-04-29,62130,5638,67768,0.08319560854680676,0.7584077576154045,False,0.8258972586689579,False
2014-04-30,55893,5196,61089,0.0850562294357413,0.19358128295447408,False,0.1899848930937695,False
2014-05-01,54295,5059,59354,0.08523435657242982,0.02678483160376371,False,0.018574449058865974,False
2014-05-02,50691,4961,55652,0.08914324732264789,-0.20271247554666627,False,-0.4443766752590999,False
2014-05-03,42281,3598,45879,0.07842367967915605,-1.9597458362341484,False,-1.3947855268418077,False
2014-05-04,52105,4201,56306,0.07461016587930239,-1.1988142591258473,False,-0.3807762057067525,False
2014-05-05,61207,5541,66748,0.0830137232576257,0.49214480111482156,False,0.6346918417941821,False
2014-05-06,62488,5822,68310,0.08522910262040696,0.8169373639147931,False,0.7865938806944369,False
2014-05-07,59522,5409,64931,0.08330381481880765,0.31726274556966555,False,0.4645554797638149,False
2014-05-08,57819,5251,63070,0.08325669890597749,0.1286582278448441,False,0.2841614980024524,False
2014-05-09,45739,4743,50482,0.09395428073372687,-0.618202784794476,False,-1.1569468046633111,False
2014-05-10,42263,3661,45924,0.07971866562146154,-2.010284810075689,False,-1.648460415978841,False
2014-05-11,48901,4002,52903,0.07564788386291893,-1.5715602531247708,False,-0.9363434748060929,False
2014-05-12,62682,5908,68590,0.08613500510278466,0.8806655695979579,False,0.649476367472342,False
2014-05-13,63023,5885,68908,0.08540372670807453,1.067549795052983,False,0.6967603571855725,False
2014-05-14,63506,5598,69104,0.08100833526279232,0.6501290986221845,False,0.7167596293549174,False
2014-05-15,59238,5560,64798,0.08580511744189635,0.5120760691349673,False,0.08619116527088604,False
2014-05-16,51169,5106,56275,0.09073300755219903,-0.22348798299075245,False,-0.8554273636549163,False
2014-05-17,39675,3360,43035,0.07807598466364588,-2.587225749037089,False,-2.176227164796735,False
2014-05-18,50757,4171,54928,0.07593577046315177,-1.4986446426977484,False,-0.989801784511263,False
2014-05-19,65319,5858,71177,0.08230186717619456,0.7657651309082538,False,0.6311707206815925,False
2014-05-20,64029,5697,69726,0.08170553308665347,0.5044821296907137,False,0.48087391793074946,False
2014-05-21,65918,5626,71544,0.0786369227328637,0.4170139216124703,False,0.660166121129704,False
2014-05-22,59608,5294,64902,0.0815691350035438,0.007319181864103287,False,0.00505582464128912,False
2014-05-23,53632,4988,58620,0.08509041282838621,-0.47687284914580647,False,-0.6162758555540594,False
2014-05-24,43377,3424,46801,0.07316082989679708,-2.237980608446967,False,-1.7907030690786676,False
2014-05-25,44773,3509,48282,0.07267718818607348,-2.1422682302240776,False,-1.6446459992559768,False
2014-05-26,59947,5068,65015,0.07795124202107206,-0.3867906108183814,False,-0.0928749709111052,False
2014-05-27,66860,5936,72796,0.0815429419198857,0.5906016750341806,False,0.6755509306451258,False
2014-05-28,68081,6039,74120,0.0814759848893686,0.7418807214225478,False,0.7947367426518706,False
2014-05-29,62012,5529,67541,0.08186138789772138,0.13891790401139342,False,0.1478475587666006,False
2014-05-30,56563,5281,61844,0.08539227734299204,-0.15428754445520715,False,-0.49730542494220203,False
2014-05-31,47117,3864,50981,0.07579294246876288,-1.8993328748451364,False,-1.5042446292566738,False
2014-06-01,56424,4470,60894,0.07340624692087891,-1.1828711741565883,False,-0.5853650994426851,False
2014-06-02,68700,6212,74912,0.08292396411789833,0.8766606453144529,False,0.7140249186076015,False
2014-06-03,72626,6341,78967,0.08029936555776464,1.0724095089029702,False,0.9990127039019722,False
2014-06-04,75726,6216,81942,0.07585853408508457,0.9184161848215556,False,1.220270443834798,False
2014-06-05,66624,6041,72665,0.08313493428748366,0.6423989620724501,False,0.44676721909728095,False
2014-06-06,59075,5255,64330,0.08168817037152185,-0.4290166600343619,False,-0.38441142046411025,False
2014-06-07,51578,3932,55510,0.07083408394883804,-1.9187516763741541,False,-1.1417702931603624,False
2014-06-08,62129,4748,66877,0.07099600759603451,-0.9999128454344184,False,-0.2109779582119033,False
2014-06-09,75114,6394,81508,0.07844628748098346,0.8535292081523526,False,0.9579615796778167,False
2014-06-10,74776,6307,81083,0.07778449243367908,0.5236246480179563,False,0.7865538770024543,False
2014-06-11,74091,6211,80302,0.07734552065951035,0.3907460632095289,False,0.7218670368046006,False
2014-06-12,64765,5743,70508,0.08145175015601067,-0.05636679151433303,False,-0.09071433895691582,False
2014-06-13,58746,5412,64158,0.08435425044421584,-0.3725940456032183,False,-0.7874526113255872,False
2014-06-14,49087,3738,52825,0.07076194983435873,-1.9718823336539553,False,-1.7009183290523533,False
2014-06-15,57323,4367,61690,0.07078943102609823,-1.3709550139503033,False,-0.9723055729736333,False
2014-06-16,75580,6240,81820,0.07626497188951356,0.4184517742928452,False,0.6580204288625947,False
2014-06-17,75607,6026,81633,0.07381818627270834,0.24020020687242818,False,0.6431951493207507,False
2014-06-18,80222,6448,86670,0.0743971385715934,0.8718742025095729,False,1.080796135638485,False
2014-06-19,72412,5861,78273,0.0748789493184112,0.1862879240459168,False,0.39064821541366684,False
2014-06-20,62974,5425,68399,0.07931402505884588,-0.3423528132084049,False,-0.6513543250901136,False
2014-06-21,53903,4047,57950,0.06983606557377049,-1.7741573315644306,False,-1.4566828144483512,False
2014-06-22,64490,4886,69376,0.07042781365313654,-0.8744788781449339,False,-0.55083445057076,False
2014-06-23,78846,6375,85221,0.07480550568521843,0.7222091041454481,False,0.5005712033540268,False
2014-06-24,80296,6440,86736,0.07424829367275411,0.7919100570325367,False,0.620679751513886,False
2014-06-25,79000,6286,85286,0.07370494571207467,0.5584133837309772,False,0.5057243753872881,False
2014-06-26,68715,5660,74375,0.07610084033613446,-0.03827879181986831,False,-0.34614337243210613,False
2014-06-27,62352,5352,67704,0.07904998227578873,-0.3767924447811134,False,-0.8540791406144858,False
2014-06-28,53884,4102,57986,0.07074121339633704,-1.698563738223795,False,-1.6551075065383467,False
2014-06-29,65581,4737,70318,0.06736539719559714,-1.1128521043535209,False,-0.7188114552238261,False
2014-06-30,76044,6073,82117,0.07395545380371908,0.11944827808850474,False,0.12965444136651788,False
2014-07-01,73892,5649,79541,0.07101997711871864,-0.2675252911324677,False,-0.0766165949020085,False
2014-07-02,85416,6746,92162,0.07319719624140102,0.6888604413402395,False,0.7587551820375762,False
2014-07-03,75037,6181,81218,0.0761038193503903,0.18369840601717008,False,0.04429472067218718,False
2014-07-04,63164,4902,68066,0.07201833514530015,-1.0275093084231428,False,-0.876101918085117,False
2014-07-05,61314,4210,65524,0.06425126671143398,-1.667878518183932,False,-1.0502032778302357,False
2014-07-06,74710,5000,79710,0.06272738677706687,-0.9897395426999864,False,-0.14241400206021326,False
2014-07-07,95456,7294,102750,0.07098783454987835,0.9794386975027619,False,1.2440037752378301,False
2014-07-08,93232,7018,100250,0.07000498753117207,0.7425192579665987,False,1.0070732158278415,False
2014-07-09,92811,6877,99688,0.06898523392986117,0.6214843268992108,False,0.9738489629781057,False
2014-07-10,87622,6789,94411,0.07190899365540032,0.545944795452898,False,0.661883869938862,False
2014-07-11,73736,6125,79861,0.07669575888105583,-0.05365023540221089,False,-0.2662374069551326,False
2014-07-12,62795,4514,67309,0.06706383990253903,-1.3892434289034856,False,-1.0082851325243176,False
2014-07-13,76492,5262,81754,0.06436382317684762,-0.768296858948417,False,-0.15432724566589845,False
2014-07-14,94281,7271,101552,0.07159878682842288,0.8994593697143273,False,0.9611416431210031,False
2014-07-15,97595,7128,104723,0.06806527696876521,0.657887910012556,False,0.9190051934865784,False
2014-07-16,103002,7577,110579,0.06852114777670262,0.8015025578764956,False,1.0062698645609245,False
2014-07-17,87443,6747,94190,0.07163180804756343,0.11206923388226504,False,0.030783455892471678,False
2014-07-18,78222,6194,84416,0.07337471569370735,-0.47650177961792695,False,-0.5144193909875507,False
2014-07-19,65215,4581,69796,0.06563413376124706,-1.9454154843063813,False,-1.394978905373724,False
2014-07-20,78961,5352,84313,0.06347775550626832,-1.2595831393588641,False,-0.5685629911820306,False
2014-07-21,101233,7472,108705,0.06873648866197507,0.6262334252179663,False,0.8200115751170524,False
2014-07-22,98014,7288,105302,0.06921046133976563,0.4903672770749101,False,0.6326279969633626,False
2014-07-23,95474,7245,102719,0.0705322287016034,0.455711178853167,False,0.4840956953539125,False
2014-07-24,86530,6477,93007,0.0696399195759459,-0.27850558497011596,False,-0.07722538591573143,False
2014-07-25,74338,5998,80336,0.07466142202748456,-0.796755668342342,False,-0.8233722380253787,False
2014-07-26,63655,4462,68117,0.06550494002965486,-2.2668057663289334,False,-1.5592131871153112,False
2014-07-27,76118,5390,81508,0.06612847818619032,-1.3786504987953678,False,-0.7527931732628449,False
2014-07-28,94326,7223,101549,0.07112822381313455,0.3756475673565997,False,0.4540967899674798,False
2014-07-29,96699,7128,103827,0.0686526626022133,0.2949812582789961,False,0.6167912379548244,False
2014-07-30,108154,7536,115690,0.06513959719941222,0.7734306880304558,False,1.429518221074467,False
2014-07-31,87881,6914,94795,0.07293633630465741,0.0915399892991397,False,0.05185601000277049,False
2014-08-01,78278,6259,84537,0.07403858665436436,-0.7745269753274515,False,-0.5854817149708862,False
2014-08-02,66843,4733,71576,0.06612551693305019,-2.511760834914927,False,-1.4400344748512528,False
2014-08-03,80578,5491,86069,0.06379765072209506,-1.658943494325671,False,-0.4844729326132963,False
2014-08-04,98172,7508,105680,0.0710446631339894,0.6103606956064269,False,0.815265899508303,False
2014-08-05,99639,7490,107129,0.06991570909837673,0.5901090964895316,False,0.9195970363611399,False
2014-08-06,97194,7622,104816,0.07271790566325752,0.6502249392017397,False,0.7644753950904779,False
2014-08-07,86742,7085,93827,0.07551131337461499,0.11835777644266245,False,0.027496702516632682,False
2014-08-08,79955,6635,86590,0.07662547638295415,-0.32734096329958107,False,-0.44957108614694435,False
2014-08-09,65562,4832,70394,0.0686422138250419,-2.2113346682186954,False,-1.5386647221013914,False
2014-08-10,77334,5487,82821,0.06625131307277139,-1.532438859602222,False,-0.7036689142648015,False
2014-08-11,89742,7144,96886,0.07373614350886609,0.1850120638748709,False,0.2413874981614991,False
2014-08-12,94351,7088,101439,0.06987450586066503,0.12956026881993762,False,0.5473129759984665,False
2014-08-13,98423,7781,106204,0.07326466046476592,0.8478423991576718,False,0.847330247175497,False
2014-08-14,85743,7017,92760,0.07564683053040104,0.061343159598713504,False,-0.03501418898324059,False
2014-08-15,75993,6320,82313,0.07678009548916939,-0.5719681640361528,False,-0.6013777200626683,False
2014-08-16,64993,4739,69732,0.06796019044341192,-2.604865193383905,False,-1.4270825215587317,False
2014-08-17,78295,5545,83840,0.06613788167938932,-1.5976589828454413,False,-0.5011590385679947,False
2014-08-18,94214,7558,101772,0.07426404119011124,0.9178572725068257,False,0.6687586353921587,False
2014-08-19,96075,7611,103686,0.0734043168798102,1.168660808297857,False,0.9505351434756766,False
2014-08-20,89314,7232,96546,0.07490729807552876,0.6685309871108781,False,0.4819291278424286,False
2014-08-21,81680,6534,88214,0.07406987552996123,-0.05980428314890765,False,-0.06490915258561376,False
2014-08-22,72871,6074,78945,0.07693964152257901,-0.5788603255733892,False,-0.6732437686786916,False
2014-08-23,61060,4450,65510,0.06792856052511068,-2.5174218057587354,False,-1.5549975249857906,False
2014-08-24,72461,5089,77550,0.06562217923920051,-1.796385259869075,False,-0.7647991456826665,False
2014-08-25,91127,7012,98139,0.07144967851720518,0.3734946740054421,False,0.591864233974847,False
2014-08-26,93674,7122,100796,0.0706575657764197,0.4570886283967399,False,0.7608612800050762,False
2014-08-27,97302,7218,104520,0.0690585533869116,0.5207786309689887,False,0.9919515086800776,False
2014-08-28,83653,6539,90192,0.07250088699662942,-0.13771055046107336,False,0.06404909852350962,False
2014-08-29,75264,6251,81515,0.07668527264920567,-0.4170108218187433,False,-0.49788621784503734,False
2014-08-30,59524,4233,63757,0.06639270982009819,-2.450181026337337,False,-1.6479204863793993,False
2014-08-31,66964,4356,71320,0.06107683679192372,-2.330896535444999,False,-1.1581294528775758,False
2014-09-01,81789,5761,87550,0.06580239862935465,-0.9683379199674772,False,-0.10705071775466268,False
2014-09-02,95250,7416,102666,0.07223423528724213,0.6457210114420484,False,0.8207772490471732,False
2014-09-03,94056,7310,101366,0.07211491032496103,0.5705834238830053,False,0.7637332005970934,False
2014-09-04,86638,7218,93856,0.07690504602795772,0.5124341561226493,False,0.29216892069212164,False
2014-09-05,80406,6823,87229,0.0782193995116303,-0.053646323868892405,False,-0.3010853158647589,False
2014-09-06,67370,4807,72177,0.06660016348698339,-2.3067919263623735,False,-1.1876782169974036,False
2014-09-07,76545,5370,81915,0.06555575901849478,-1.6775652526501563,False,-0.6049397438215727,False
2014-09-08,94835,7723,102558,0.07530373057196903,0.9522222486728402,False,0.6397663967157962,False
2014-09-09,96325,7633,103958,0.07342388272186845,0.851635391418667,False,0.7247932578703543,False
2014-09-10,100435,7834,108269,0.07235681497012071,1.076279372619654,False,0.9973922934435326,False
2014-09-11,88269,7368,95637,0.07704131246274977,0.5554629783924901,False,0.22182692251224892,False
2014-09-12,77413,6696,84109,0.0796109809889548,-0.19558555577200357,False,-0.5242372482343862,False
2014-09-13,66887,4620,71507,0.06460905925294028,-2.2140411222483642,False,-1.2797587417622474,False
2014-09-14,78415,5290,83705,0.06319813631204826,-1.5550417655596018,False,-0.5413420944731154,False
2014-09-15,98864,7586,106450,0.07126350399248474,0.7032605075111419,False,0.8355464645194494,False
2014-09-16,97376,7496,104872,0.07147761080173927,0.4398852779195186,False,0.6628376028441015,False
2014-09-17,95437,7589,103026,0.07366101760720595,0.582692846983515,False,0.5589264846637858,False
2014-09-18,87070,6919,93989,0.07361499749970742,-0.17163637198595913,False,0.004127983388647225,False
2014-09-19,74184,6545,80729,0.0810737157650906,-0.5413147116480249,False,-0.7439681340291276,False
2014-09-20,62424,4478,66902,0.06693372395444082,-2.914374115627808,False,-1.6022783041768747,False
2014-09-21,76240,5212,81452,0.06398860678681922,-2.0716911922987507,False,-0.6990879537284969,False
2014-09-22,94423,7516,101939,0.0737303681613514,0.573460654227335,False,0.572641304665724,False
2014-09-23,96263,7473,103736,0.07203863653890645,0.6037353562765995,False,0.6841899685664619,False
2014-09-24,98162,7513,105675,0.0710953394842678,0.6566365923139794,False,0.8045532736880704,False
2014-09-25,84698,6741,91439,0.07372127866665208,-0.3643572632074549,False,-0.07914554617331145,False
2014-09-26,70573,6158,76731,0.08025439522487651,-1.1353927784522686,False,-0.9921437368533623,False
2014-09-27,59382,4338,63720,0.06807909604519774,-3.542399018153059,False,-1.79980075745019,False
2014-09-28,74365,5178,79543,0.06509686584614612,-2.431473061368079,False,-0.817589010704851,False
2014-09-29,94226,7671,101897,0.07528190231312011,0.8655964746616305,False,0.5638075365153561,False
2014-09-30,96007,7489,103496,0.07236028445543789,0.6399535820335165,False,0.6619811454544887,False
2014-10-01,94640,7433,102073,0.0728204324356098,0.564107231570285,False,0.5790276112586181,False
2014-10-02,83103,7114,90217,0.07885431792234279,0.13205391375294787,False,-0.15115808889006088,False
2014-10-03,76277,6610,82887,0.07974712560473898,-0.6047392050327304,False,-0.48071541204484314,False
2014-10-04,62840,4650,67490,0.06889909616239442,-3.259361471245836,False,-1.4438878503636745,False
2014-10-05,76335,5415,81750,0.06623853211009174,-2.2232461479534757,False,-0.5616425531580014,False
2014-10-06,93643,7515,101158,0.07428972498467744,0.6209919944177086,False,0.6391019579337028,False
2014-10-07,95620,7607,103227,0.07369196043670745,0.7273401823542912,False,0.7671079551229412,False
2014-10-08,105307,7862,113169,0.06947132165168907,1.0642552531996032,False,1.406130551716196,False
2014-10-09,88607,7235,95842,0.07548882535840237,0.23888214398129415,False,0.3155784694644379,False
2014-10-10,77261,6577,83838,0.07844891338056728,-0.6417030142242608,False,-0.3483384601617334,False
2014-10-11,62652,4392,67044,0.06550921782709862,-3.565834580605929,False,-1.4053438084237537,False
2014-10-12,70526,5023,75549,0.06648665104766444,-2.7213828559437627,False,-0.8700436722460425,False
2014-10-13,93277,7362,100639,0.07315255517244806,0.4088431091668648,False,0.7161577741629497,False
2014-10-14,91828,7425,99253,0.07480882189958994,0.49315445410143915,False,0.6218733680780572,False
2014-10-15,93256,7581,100837,0.07518073722939,0.6581774945962311,False,0.7056187349852333,False
2014-10-16,81415,6999,88414,0.07916167122853847,-0.07215482543237996,False,-0.058993899209154016,False
2014-10-17,71499,6401,77900,0.08216944801026958,-0.606727966896621,False,-0.6506254653520783,False
2014-10-18,57853,4281,62134,0.06889947532751795,-3.2670450089252383,False,-1.562981226724305,False
2014-10-19,71150,5106,76256,0.06695866554762904,-2.2317801222867435,False,-0.7249047228020422,False
2014-10-20,90106,7440,97546,0.07627170770713304,0.6970783570032533,False,0.5385599966785537,False
2014-10-21,91819,7303,99122,0.07367688303303001,0.5104419219547108,False,0.6169039805229786,False
2014-10-22,93529,7358,100887,0.07293308354892107,0.5184600237210517,False,0.7319067706398712,False
2014-10-23,81758,6770,88528,0.07647298030001808,-0.12537206487024374,False,0.003360074575263584,False
2014-10-24,70526,6119,76645,0.07983560571465849,-0.7407353876394751,False,-0.6971270513520552,False
2014-10-25,58333,4208,62541,0.06728386178666794,-2.833189675561185,False,-1.5285391883611357,False
2014-10-26,76093,5282,81375,0.06490937019969278,-1.657210656603615,False,-0.4182998102819367,False
2014-10-27,93567,7696,101263,0.07600011850330328,0.9860047547218734,False,0.7606528956382443,False
2014-10-28,93212,7488,100700,0.07435948361469712,0.7381823009680635,False,0.7474545205264297,False
2014-10-29,88439,7297,95736,0.0762200217264143,0.5345825616396879,False,0.44404751750956833,False
2014-10-30,78858,6630,85488,0.07755474452554745,-0.17641757517720508,False,-0.18961511031181635,False
2014-10-31,68164,6247,74411,0.08395264141054413,-0.49674072527237195,False,-0.9854836951790965,False
2014-11-01,62972,4604,67576,0.06813069728897833,-2.2481248703850483,False,-1.4572027206236051,False
2014-11-02,81325,5684,87009,0.06532657541173902,-1.0968802710413534,False,-0.18953387670487654,False
2014-11-03,95226,7904,103130,0.07664113255114903,1.2695669609429077,False,0.9260299334454919,False
2014-11-04,93704,7630,101334,0.07529555726607062,0.9611624342502529,False,0.8001815160213986,False
2014-11-05,97635,7397,105032,0.07042615583822073,0.7169412268562411,False,1.1627360803224163,False
2014-11-06,85126,6821,91947,0.07418404080611657,0.11320124634572228,False,0.1665030022027303,False
2014-11-07,74726,6378,81104,0.07863977115801933,-0.27776231742237406,False,-0.6595403054042713,False
2014-11-08,63096,4486,67582,0.06637862152644196,-2.4258050324151994,False,-1.7672665517931123,False
2014-11-09,77171,5416,82587,0.06557932846573916,-1.3799085650317338,False,-0.5380525060110861,False
2014-11-10,90061,7232,97293,0.0743321718931475,0.6624010960095282,False,0.6666673711812148,False
2014-11-11,90197,7109,97306,0.07305818757322262,0.5240728535491344,False,0.667732335032942,False
2014-11-12,90322,7149,97471,0.07334489232694853,0.6233649758815656,False,0.6886936160362657,False
2014-11-13,84645,6656,91301,0.07290172068213929,0.0160153057044671,False,0.19010295762521018,False
2014-11-14,72720,6257,78977,0.07922559732580371,-0.336823647291772,False,-0.8215376913112329,False
2014-11-15,63463,4642,68105,0.06815945965788121,-2.153084716995317,False,-1.860367170591471,False
2014-11-16,75914,5432,81346,0.06677648562928724,-1.2646350296480722,False,-0.7638072655967386,False
2014-11-17,90235,7167,97402,0.07358165130079465,0.6865804229436622,False,0.5658782441529345,False
2014-11-18,86581,6892,93473,0.07373252169075561,0.3773099621582287,False,0.2404961833777436,False
2014-11-19,91229,6924,98153,0.0705429278779049,0.4132977975950792,False,0.6280726772509667,False
2014-11-20,80119,6457,86576,0.07458187026427647,-0.11189967581145681,False,-0.33068225214439745,False
2014-11-21,71771,6268,78039,0.0803188149514986,-0.32445282886035465,False,-1.0376780915024542,False
2014-11-22,67268,5039,72307,0.06968896510711273,-1.8275072682775608,False,-1.5123764810070086,False
2014-11-23,80145,5680,85825,0.06618118263909117,-1.1066259396831508,False,-0.3928766852424296,False
2014-11-24,94209,7520,101729,0.07392189051302972,0.962674597935749,False,0.9242208700053782,False
2014-11-25,87909,7119,95028,0.07491476196489456,0.5497416848398582,False,0.36528260114242284,False
2014-11-26,84254,6748,91002,0.07415221643480363,0.08146257914598706,False,0.03330343792158798,False
2014-11-27,68324,5108,73432,0.06956095435232597,-1.3476823393201696,False,-1.2008153281718734,False
2014-11-28,83833,6303,90136,0.06992766486198633,-0.3442826027504932,False,-0.030340960325519122,False
2014-11-29,67156,4788,71944,0.06655176248193038,-1.6564540321014296,False,-1.4948997911883841,False
2014-11-30,81737,5768,87505,0.06591623335809382,-0.8076566718612199,False,-0.24592606497724612,False
2014-12-01,114582,9246,123828,0.07466808799302257,2.3170259490521907,False,2.91468695763426,False
2014-12-02,100943,7737,108680,0.07119065145380934,0.8977331264173238,False,1.4612957886094404,False
2014-12-03,105739,7793,113532,0.0686414402987704,0.9462358327167644,False,1.6230044336017035,False
2014-12-04,85857,7021,92878,0.07559378970262064,0.27759138158876245,False,0.15045881205984526,False
2014-12-05,79640,6672,86312,0.07730095467605895,-0.024684413027393853,False,-0.31043126056868897,False
2014-12-06,66249,4808,71057,0.0676639880659189,-1.6391316369944866,False,-1.4149251298293994,False
2014-12-07,83630,5920,89550,0.06610831937465103,-0.6760064690484527,False,-0.10785632389827982,False
2014-12-08,94698,6904,101602,0.06795141827916773,0.17625537021314558,False,0.6858940908366961,False
2014-12-09,95009,7461,102470,0.07281155460134674,0.7148374108887192,False,0.8053177945589779,False
2014-12-10,95254,7305,102559,0.07122729355785451,0.6815075684178341,False,0.8116082354678553,False
2014-12-11,84421,6729,91150,0.07382336807460231,0.2710954834236588,False,0.033037079997549394,False
2014-12-12,77280,6396,83676,0.07643768822601463,-0.017322395106943056,False,-0.45398291191898743,False
2014-12-13,65677,4814,70491,0.06829240612276745,-1.3875238480661387,False,-1.4024794335054351,False
2014-12-14,78494,5711,84205,0.06782257585654058,-0.6183562879466834,False,-0.5519331804204896,False
2014-12-15,95417,7307,102724,0.07113235465908649,0.8198789450117958,False,0.6297508820010964,False
2014-12-16,96936,7054,103990,0.06783344552360804,0.5870738124775822,False,0.719230636952094,False
2014-12-17,103011,7177,110188,0.06513413438849966,0.7002557543815675,False,1.1572997690107691,False
2014-12-18,89320,6620,95940,0.06900145924536169,0.25663795837121384,False,0.3167714243322104,False
2014-12-19,80308,6186,86494,0.07151941175110413,-0.14063849878448156,False,-0.352461164548039,False
2014-12-20,69168,4862,74030,0.06567607726597326,-1.2859492992749548,False,-1.3372487864714642,False
2014-12-21,67612,4613,72225,0.06386985115957079,-1.6455661082265869,False,-1.7051520041762411,False
2014-12-22,89298,6436,95734,0.06722794409509683,0.07181845018998742,False,0.03477412277716492,False
2014-12-23,88417,6333,94750,0.06683905013192612,0.0,False,0.0,False
2014-12-24,68783,4867,73650,0.06608282416836388,-1.3987019844693356,False,-1.5572308939408204,False
2014-12-25,67963,4346,72309,0.06010316834695543,-1.9452398078948827,False,-1.6273633498909632,False
2014-12-26,93332,5833,99165,0.05882115665809509,-0.1772861043151438,False,0.5132810534613745,False
2014-12-27,85620,5237,90857,0.05764002773589267,-0.5702077909901428,False,-0.29470174260857296,False
2014-12-28,95126,5610,100736,0.055690120711562895,-0.40127931259999966,False,0.4432863487725838,False
2014-12-29,114652,7072,121724,0.05809864940356873,0.9366752553232968,False,1.967453966194917,False
2014-12-30,115539,7273,122812,0.059220597335765235,1.3812302667725738,False,2.1972953135731688,False
2014-12-31,82234,5766,88000,0.06552272727272727,-0.07582362564585886,False,-0.6744907594765952,False
